alert_id,event_id,event_type,source_id,source_name,account_id,product_type,fire_ts,window_start,observed,threshold,ratio_to_threshold,severity,points,effective_points,model_score,reason_codes,scenario_typology
A-00008,ME000375,ML,M-ANOM-CRD,Card behaviour anomaly,ACC0000110,CARD,2026-04-29 17:16:38,2026-04-01 12:12:34,Anomaly score 0.703 - top 0.24% of card account-months in 2026-04,Top 1% (score >= 0.670),1.05,1.0,21.4,21.4,0.7027,Purchases vs credit limit: 1.3x (typical 0.2x) | Spend vs usual month: 7.3x (typical 1.0x) | Distinct third-party payors: 1 (typical 0),BEHAVIOUR_ANOMALY
A-00008,RE000721,RULE,R-CRD-05,Bust-out pattern,ACC0000110,CARD,2026-04-25 21:45:27,2026-04-12 09:02:35,"$1,779 drawn in 14 days = 99% of $1,800 limit (usual $323/month)","Returned card payment, or 14-day spend >= 85% of limit and >= 3x usual monthly spend",1.16,1.04,20.8,20.8,,,CC_BUSTOUT
A-00008,RE000750,RULE,R-LN-03,Third-party / cash loan repayments,ACC0000111,LOAN,2026-04-18 12:40:25,2026-04-04 15:16:55,2 loan payments in 2026-04 from third parties / cash ($886),>= 2 loan payments in a month from third parties or in cash,1.0,1.0,12.0,12.0,,,LN_3P_REPAY
A-00034,ME000002,ML,M-ANOM-DEP,Deposit behaviour anomaly,ACC0000169,DEPOSIT,2026-04-30 20:04:50,2026-04-01 15:57:38,Anomaly score 0.678 - top 0.98% of deposit account-months in 2026-04,Top 1% (score >= 0.676),1.0,1.0,10.3,10.3,0.6776,Distinct inbound senders: 30 (typical 1) | External credits vs declared income: 11.4x (typical 0.8x) | Largest single credit vs monthly income: 1.4x (typical 0.4x),BEHAVIOUR_ANOMALY
A-00034,RE000350,RULE,R-DEP-06,Funnel / many-to-one,ACC0000169,DEPOSIT,2026-04-30 20:04:50,2026-04-01 15:57:38,"30 inbound credits from 29 sources ($13,318), 78% moved out in 2026-04",">= 6 inbound credits from >= 4 distinct sources in a month totalling >= $8,000, with >= 70% moved out",1.66,1.17,35.0,35.0,,,FUNNEL
A-00308,ME000380,ML,M-ANOM-CRD,Card behaviour anomaly,ACC0000185,CARD,2026-09-27 08:53:20,2026-09-04 07:27:51,Anomaly score 0.730 - top 0.10% of card account-months in 2026-09,Top 1% (score >= 0.670),1.09,1.0,23.5,23.5,0.7303,"Cash advances: $3,180 (typical $0) | Number of cash advances: 5 (typical 0) | Payments vs credit limit: 2.2x (typical 0.2x)",BEHAVIOUR_ANOMALY
A-00308,RE000494,RULE,R-CRD-01,Cash-advance cycling,ACC0000185,CARD,2026-09-25 17:11:48,2026-09-11 10:56:42,"5 cash advances $3,180, repaid $4,616 in 2026-09 (0 cash payments)",">= 3 cash advances totalling >= $2,500 in a month, repaid (>= 80%) in the same month",1.27,1.07,21.4,21.4,,,CC_CASH_ADV
A-00045,ME000006,ML,M-ANOM-DEP,Deposit behaviour anomaly,ACC0000247,DEPOSIT,2026-04-30 20:59:13,2026-04-01 15:26:06,Anomaly score 0.703 - top 0.57% of deposit account-months in 2026-04,Top 1% (score >= 0.676),1.04,1.0,16.5,16.5,0.7031,"External credits vs declared income: 29.6x (typical 0.8x) | Cash deposited: $126,168 (typical $0) | Largest single credit vs monthly income: 2.3x (typical 0.4x)",BEHAVIOUR_ANOMALY
A-00065,ME000007,ML,M-ANOM-DEP,Deposit behaviour anomaly,ACC0000247,DEPOSIT,2026-05-31 17:05:30,2026-05-01 15:38:34,Anomaly score 0.704 - top 0.56% of deposit account-months in 2026-05,Top 1% (score >= 0.676),1.04,1.0,16.6,16.6,0.7038,"External credits vs declared income: 28.9x (typical 0.8x) | Cash deposited: $130,625 (typical $0) | Largest single credit vs monthly income: 2.3x (typical 0.4x)",BEHAVIOUR_ANOMALY
A-00065,RE000003,RULE,R-DEP-01,Structuring,ACC0000247,DEPOSIT,2026-05-29 16:29:00,2026-05-22 16:46:34,"4 cash deposits $8,127-$9,157 in 7 days (total $34,019)",">=3 cash deposits of $8,000-$9,999 into one account within 7 days",1.33,1.08,32.5,32.5,,,STRUCT
A-00065,RE000001,RULE,R-DEP-01,Structuring,ACC0000247,DEPOSIT,2026-05-13 16:56:40,2026-05-06 17:29:12,"3 cash deposits $9,062-$9,333 in 7 days (total $27,560)",">=3 cash deposits of $8,000-$9,999 into one account within 7 days",1.0,1.0,30.0,7.5,,,STRUCT
A-00065,RE000002,RULE,R-DEP-01,Structuring,ACC0000247,DEPOSIT,2026-05-20 15:27:56,2026-05-15 16:43:29,"3 cash deposits $8,077-$9,485 in 5 days (total $25,679)",">=3 cash deposits of $8,000-$9,999 into one account within 7 days",1.0,1.0,30.0,7.5,,,STRUCT
A-00132,ME000008,ML,M-ANOM-DEP,Deposit behaviour anomaly,ACC0000247,DEPOSIT,2026-06-30 18:04:45,2026-06-01 10:22:49,Anomaly score 0.708 - top 0.51% of deposit account-months in 2026-06,Top 1% (score >= 0.676),1.05,1.0,17.4,17.4,0.7075,"External credits vs declared income: 25.9x (typical 0.8x) | Cash deposited: $115,416 (typical $0) | Largest single credit vs monthly income: 2.3x (typical 0.4x)",BEHAVIOUR_ANOMALY
A-00132,RE000004,RULE,R-DEP-01,Structuring,ACC0000247,DEPOSIT,2026-06-17 15:00:54,2026-06-10 17:32:44,"3 cash deposits $8,500-$8,615 in 7 days (total $25,648)",">=3 cash deposits of $8,000-$9,999 into one account within 7 days",1.0,1.0,30.0,30.0,,,STRUCT
A-00191,ME000009,ML,M-ANOM-DEP,Deposit behaviour anomaly,ACC0000247,DEPOSIT,2026-07-31 19:05:49,2026-07-01 17:04:34,Anomaly score 0.704 - top 0.55% of deposit account-months in 2026-07,Top 1% (score >= 0.676),1.04,1.0,16.7,16.7,0.7039,"External credits vs declared income: 28.6x (typical 0.8x) | Cash deposited: $127,943 (typical $0) | Largest single credit vs monthly income: 2.3x (typical 0.4x)",BEHAVIOUR_ANOMALY
A-00191,RE000005,RULE,R-DEP-01,Structuring,ACC0000247,DEPOSIT,2026-07-15 15:22:17,2026-07-10 16:05:33,"3 cash deposits $8,236-$8,934 in 5 days (total $25,649)",">=3 cash deposits of $8,000-$9,999 into one account within 7 days",1.0,1.0,30.0,30.0,,,STRUCT
A-00191,RE000006,RULE,R-DEP-01,Structuring,ACC0000247,DEPOSIT,2026-07-22 15:44:24,2026-07-17 17:38:35,"3 cash deposits $8,153-$9,811 in 5 days (total $26,999)",">=3 cash deposits of $8,000-$9,999 into one account within 7 days",1.0,1.0,30.0,7.5,,,STRUCT
A-00247,ME000010,ML,M-ANOM-DEP,Deposit behaviour anomaly,ACC0000247,DEPOSIT,2026-08-31 12:03:26,2026-08-01 11:59:31,Anomaly score 0.700 - top 0.63% of deposit account-months in 2026-08,Top 1% (score >= 0.676),1.03,1.0,15.6,15.6,0.7,"External credits vs declared income: 27.2x (typical 0.8x) | Cash deposited: $121,535 (typical $0) | Largest single credit vs monthly income: 2.3x (typical 0.4x)",BEHAVIOUR_ANOMALY
A-00247,RE000007,RULE,R-DEP-01,Structuring,ACC0000247,DEPOSIT,2026-08-07 15:40:12,2026-08-02 16:04:05,"3 cash deposits $8,554-$9,491 in 5 days (total $27,256)",">=3 cash deposits of $8,000-$9,999 into one account within 7 days",1.0,1.0,30.0,30.0,,,STRUCT
A-00293,ME000011,ML,M-ANOM-DEP,Deposit behaviour anomaly,ACC0000247,DEPOSIT,2026-09-30 19:13:13,2026-09-01 09:07:18,Anomaly score 0.717 - top 0.43% of deposit account-months in 2026-09,Top 1% (score >= 0.676),1.06,1.0,18.6,18.6,0.717,"External credits vs declared income: 27.5x (typical 0.8x) | Cash deposited: $124,140 (typical $0) | Largest single credit vs monthly income: 2.2x (typical 0.4x)",BEHAVIOUR_ANOMALY
A-00293,RE000009,RULE,R-DEP-01,Structuring,ACC0000247,DEPOSIT,2026-09-23 15:13:43,2026-09-16 17:38:38,"4 cash deposits $8,025-$9,001 in 7 days (total $33,537)",">=3 cash deposits of $8,000-$9,999 into one account within 7 days",1.33,1.08,32.5,32.5,,,STRUCT
A-00293,RE000008,RULE,R-DEP-01,Structuring,ACC0000247,DEPOSIT,2026-09-09 15:50:18,2026-09-04 15:35:35,"3 cash deposits $8,781-$8,916 in 6 days (total $26,482)",">=3 cash deposits of $8,000-$9,999 into one account within 7 days",1.0,1.0,30.0,7.5,,,STRUCT
A-00293,RE000010,RULE,R-DEP-01,Structuring,ACC0000247,DEPOSIT,2026-09-30 15:28:31,2026-09-25 17:40:49,"3 cash deposits $8,084-$8,825 in 5 days (total $25,253)",">=3 cash deposits of $8,000-$9,999 into one account within 7 days",1.0,1.0,30.0,7.5,,,STRUCT
A-00045,RE000762,RULE,R-LN-03,Third-party / cash loan repayments,ACC0000250,LOAN,2026-04-18 11:09:47,2026-04-04 10:18:37,2 loan payments in 2026-04 from third parties / cash ($657),>= 2 loan payments in a month from third parties or in cash,1.0,1.0,12.0,12.0,,,LN_3P_REPAY
A-00065,RE000763,RULE,R-LN-03,Third-party / cash loan repayments,ACC0000250,LOAN,2026-05-18 09:08:16,2026-05-04 12:01:09,2 loan payments in 2026-05 from third parties / cash ($657),>= 2 loan payments in a month from third parties or in cash,1.0,1.0,12.0,12.0,,,LN_3P_REPAY
A-00132,RE000764,RULE,R-LN-03,Third-party / cash loan repayments,ACC0000250,LOAN,2026-06-18 10:50:51,2026-06-04 09:11:10,2 loan payments in 2026-06 from third parties / cash ($657),>= 2 loan payments in a month from third parties or in cash,1.0,1.0,12.0,12.0,,,LN_3P_REPAY
A-00191,RE000765,RULE,R-LN-03,Third-party / cash loan repayments,ACC0000250,LOAN,2026-07-18 16:22:51,2026-07-04 14:13:20,2 loan payments in 2026-07 from third parties / cash ($657),>= 2 loan payments in a month from third parties or in cash,1.0,1.0,12.0,12.0,,,LN_3P_REPAY
A-00247,RE000766,RULE,R-LN-03,Third-party / cash loan repayments,ACC0000250,LOAN,2026-08-18 13:32:01,2026-08-04 09:06:11,2 loan payments in 2026-08 from third parties / cash ($657),>= 2 loan payments in a month from third parties or in cash,1.0,1.0,12.0,12.0,,,LN_3P_REPAY
A-00293,RE000767,RULE,R-LN-03,Third-party / cash loan repayments,ACC0000250,LOAN,2026-09-18 16:02:35,2026-09-04 12:08:50,2 loan payments in 2026-09 from third parties / cash ($657),>= 2 loan payments in a month from third parties or in cash,1.0,1.0,12.0,12.0,,,LN_3P_REPAY
A-00084,ME000012,ML,M-ANOM-DEP,Deposit behaviour anomaly,ACC0000261,DEPOSIT,2026-05-30 11:00:11,2026-05-02 08:36:08,Anomaly score 0.716 - top 0.44% of deposit account-months in 2026-05,Top 1% (score >= 0.676),1.06,1.0,18.5,18.5,0.7159,"External credits vs declared income: 10.2x (typical 0.8x) | Outgoing wires: $178,562 (typical $0) | Largest single credit vs monthly income: 6.5x (typical 0.4x)",BEHAVIOUR_ANOMALY
A-00084,RE000116,RULE,R-DEP-02,Rapid movement of funds,ACC0000261,DEPOSIT,2026-05-10 10:00:00,2026-05-07 10:00:00,"$201,590 in, $178,562 (89%) out within 4 days","External credits >= $20,000 within 3 days, and >= 80% debited out within the following 3 days",2.21,1.3,32.6,32.6,,,RAPID_MOVE
A-00046,ME000014,ML,M-ANOM-DEP,Deposit behaviour anomaly,ACC0000297,DEPOSIT,2026-04-30 21:08:23,2026-04-01 11:20:43,Anomaly score 0.700 - top 0.64% of deposit account-months in 2026-04,Top 1% (score >= 0.676),1.03,1.0,15.5,15.5,0.6999,"International wires: $7,987 (typical $0) | Outgoing wires: $7,987 (typical $0) | Share of credits moved straight out: 139% (typical 7%)",BEHAVIOUR_ANOMALY
A-00046,RE000236,RULE,R-DEP-03,High-risk geography wire,ACC0000297,DEPOSIT,2026-04-28 15:39:03,2026-04-28 15:39:03,"1 wire(s) totalling $7,987 with HT (largest $7,987)","Any wire >= $5,000 with a high-risk country, or >= 3 high-risk-country wires in a month",1.6,1.15,23.0,23.0,,,HR_WIRE
A-00096,ME000016,ML,M-ANOM-DEP,Deposit behaviour anomaly,ACC0000335,DEPOSIT,2026-05-31 11:45:32,2026-05-01 15:17:06,Anomaly score 0.688 - top 0.82% of deposit account-months in 2026-05,Top 1% (score >= 0.676),1.02,1.0,12.7,12.7,0.6877,"Outgoing wires: $107,972 (typical $0) | Largest single credit vs monthly income: 3.6x (typical 0.4x) | Incoming wires: $102,352 (typical $0)",BEHAVIOUR_ANOMALY
A-00096,RE000117,RULE,R-DEP-02,Rapid movement of funds,ACC0000335,DEPOSIT,2026-05-23 10:00:00,2026-05-21 10:00:00,"$102,352 in, $102,574 (100%) out within 3 days","External credits >= $20,000 within 3 days, and >= 80% debited out within the following 3 days",2.51,1.38,34.4,34.4,,,RAPID_MOVE
A-00073,ME000018,ML,M-ANOM-DEP,Deposit behaviour anomaly,ACC0000477,DEPOSIT,2026-05-31 09:47:07,2026-05-01 09:04:05,Anomaly score 0.773 - top 0.11% of deposit account-months in 2026-05,Top 1% (score >= 0.676),1.14,1.0,23.3,23.3,0.7731,"External credits vs declared income: 22.8x (typical 0.8x) | Largest single credit vs monthly income: 11.0x (typical 0.4x) | Outgoing wires: $166,140 (typical $0)",BEHAVIOUR_ANOMALY
A-00073,RE000118,RULE,R-DEP-02,Rapid movement of funds,ACC0000477,DEPOSIT,2026-05-24 12:32:06,2026-05-24 11:32:06,"$89,386 in, $82,044 (92%) out within 1 days","External credits >= $20,000 within 3 days, and >= 80% debited out within the following 3 days",2.29,1.32,33.1,33.1,,,RAPID_MOVE
A-00073,RE000119,RULE,R-DEP-02,Rapid movement of funds,ACC0000477,DEPOSIT,2026-05-30 11:34:56,2026-05-28 04:16:46,"$91,608 in, $84,096 (92%) out within 3 days","External credits >= $20,000 within 3 days, and >= 80% debited out within the following 3 days",2.3,1.32,33.1,8.28,,,RAPID_MOVE
A-00139,ME000019,ML,M-ANOM-DEP,Deposit behaviour anomaly,ACC0000477,DEPOSIT,2026-06-30 22:47:20,2026-06-01 07:44:13,Anomaly score 0.759 - top 0.16% of deposit account-months in 2026-06,Top 1% (score >= 0.676),1.12,1.0,22.6,22.6,0.7591,"Largest single credit vs monthly income: 8.1x (typical 0.4x) | International wires: $65,957 (typical $0) | Outgoing wires: $63,778 (typical $0)",BEHAVIOUR_ANOMALY
A-00139,RE000120,RULE,R-DEP-02,Rapid movement of funds,ACC0000477,DEPOSIT,2026-06-15 16:43:06,2026-06-15 13:43:06,"$65,957 in, $63,778 (97%) out within 1 days","External credits >= $20,000 within 3 days, and >= 80% debited out within the following 3 days",2.42,1.35,33.9,33.9,,,RAPID_MOVE
A-00153,ME000022,ML,M-ANOM-DEP,Deposit behaviour anomaly,ACC0000596,DEPOSIT,2026-06-30 15:03:34,2026-06-01 02:28:54,Anomaly score 0.700 - top 0.63% of deposit account-months in 2026-06,Top 1% (score >= 0.676),1.03,1.0,15.5,15.5,0.6999,"Outgoing wires: $155,456 (typical $0) | Largest single credit vs monthly income: 4.9x (typical 0.4x) | External credits vs declared income: 6.1x (typical 0.8x)",BEHAVIOUR_ANOMALY
A-00153,RE000124,RULE,R-DEP-02,Rapid movement of funds,ACC0000596,DEPOSIT,2026-06-19 10:00:00,2026-06-18 10:00:00,"$144,196 in, $130,730 (91%) out within 2 days","External credits >= $20,000 within 3 days, and >= 80% debited out within the following 3 days",2.27,1.32,32.9,32.9,,,RAPID_MOVE
A-00016,ME000026,ML,M-ANOM-DEP,Deposit behaviour anomaly,ACC0000913,DEPOSIT,2026-04-29 16:15:58,2026-04-01 10:30:10,Anomaly score 0.726 - top 0.34% of deposit account-months in 2026-04,Top 1% (score >= 0.676),1.07,1.0,19.9,19.9,0.7263,"Distinct inbound senders: 32 (typical 1) | Outgoing wires: $6,718 (typical $0) | External credits vs declared income: 6.8x (typical 0.8x)",BEHAVIOUR_ANOMALY
A-00016,RE000356,RULE,R-DEP-06,Funnel / many-to-one,ACC0000913,DEPOSIT,2026-04-29 14:50:08,2026-04-01 10:30:10,"28 inbound credits from 28 sources ($9,651), 71% moved out in 2026-04",">= 6 inbound credits from >= 4 distinct sources in a month totalling >= $8,000, with >= 70% moved out",1.21,1.05,31.5,31.5,,,FUNNEL
A-00137,ME000381,ML,M-ANOM-CRD,Card behaviour anomaly,ACC0000987,CARD,2026-06-30 16:35:08,2026-06-01 13:50:20,Anomaly score 0.751 - top 0.04% of card account-months in 2026-06,Top 1% (score >= 0.670),1.12,1.0,24.5,24.5,0.7512,"Payments from third parties: $8,115 (typical $0) | Payments vs credit limit: 7.7x (typical 0.2x) | Purchases vs credit limit: 0.8x (typical 0.2x)",BEHAVIOUR_ANOMALY
A-00137,RE000578,RULE,R-CRD-02,Overpayment and credit-balance refund,ACC0000987,CARD,2026-06-28 13:03:25,2026-06-16 13:03:25,"Credit-balance refund $5,526 after 3 payment(s) of $15,493 in prior 30 days","Credit-balance refund >= $1,500 issued after card overpayment",3.68,1.5,33.0,33.0,,,CC_OVERPAY_REFUND
A-00193,ME000382,ML,M-ANOM-CRD,Card behaviour anomaly,ACC0000987,CARD,2026-07-28 13:08:06,2026-07-01 21:01:22,Anomaly score 0.717 - top 0.15% of card account-months in 2026-07,Top 1% (score >= 0.670),1.07,1.0,22.8,22.8,0.7174,"Payments from third parties: $3,815 (typical $0) | Payments vs credit limit: 2.7x (typical 0.2x) | Distinct third-party payors: 1 (typical 0)",BEHAVIOUR_ANOMALY
A-00193,RE000579,RULE,R-CRD-02,Overpayment and credit-balance refund,ACC0000987,CARD,2026-07-05 12:15:58,2026-06-16 13:03:25,"Credit-balance refund $7,669 after 3 payment(s) of $15,493 in prior 30 days","Credit-balance refund >= $1,500 issued after card overpayment",5.11,1.5,33.0,33.0,,,CC_OVERPAY_REFUND
A-00193,RE000582,RULE,R-CRD-02,Overpayment and credit-balance refund,ACC0000987,CARD,2026-07-10 14:12:01,2026-06-16 13:03:25,"Credit-balance refund $3,448 after 4 payment(s) of $19,308 in prior 30 days","Credit-balance refund >= $1,500 issued after card overpayment",2.3,1.32,29.1,7.28,,,CC_OVERPAY_REFUND
A-00003,ME000027,ML,M-ANOM-DEP,Deposit behaviour anomaly,ACC0000997,DEPOSIT,2026-04-29 14:45:15,2026-04-01 09:33:57,Anomaly score 0.810 - top 0.01% of deposit account-months in 2026-04,Top 1% (score >= 0.676),1.2,1.0,24.8,24.8,0.8097,"External credits vs declared income: 46.0x (typical 0.8x) | Cash deposits vs expected cash: 468.8x (typical 0.0x) | International wires: $31,542 (typical $0)",BEHAVIOUR_ANOMALY
A-00003,RE000278,RULE,R-DEP-05,Cash inconsistent with profile,ACC0000997,DEPOSIT,2026-04-26 11:18:32,2026-04-02 09:41:51,"$46,881 cash in 2026-04 vs expected $100/month (468.8x)","Monthly cash deposits >= $10,000 and >= 3x the party's expected monthly cash",4.69,1.5,30.0,30.0,,,CASH_PROFILE
A-00003,RE000358,RULE,R-DEP-06,Funnel / many-to-one,ACC0000997,DEPOSIT,2026-04-29 14:45:15,2026-04-02 09:41:51,"18 inbound credits from 18 sources ($46,881), 90% moved out in 2026-04",">= 6 inbound credits from >= 4 distinct sources in a month totalling >= $8,000, with >= 70% moved out",4.5,1.5,45.0,45.0,,,FUNNEL
A-00063,ME000028,ML,M-ANOM-DEP,Deposit behaviour anomaly,ACC0000997,DEPOSIT,2026-05-31 01:07:32,2026-05-01 14:41:14,Anomaly score 0.783 - top 0.06% of deposit account-months in 2026-05,Top 1% (score >= 0.676),1.16,1.0,24.2,24.2,0.7829,"External credits vs declared income: 20.8x (typical 0.8x) | International wires: $13,869 (typical $0) | Cash deposits vs expected cash: 210.9x (typical 0.0x)",BEHAVIOUR_ANOMALY
A-00063,RE000279,RULE,R-DEP-05,Cash inconsistent with profile,ACC0000997,DEPOSIT,2026-05-24 14:31:43,2026-05-02 15:03:05,"$21,093 cash in 2026-05 vs expected $100/month (210.9x)","Monthly cash deposits >= $10,000 and >= 3x the party's expected monthly cash",2.11,1.28,25.5,25.5,,,CASH_PROFILE
A-00063,RE000359,RULE,R-DEP-06,Funnel / many-to-one,ACC0000997,DEPOSIT,2026-05-31 01:07:32,2026-05-02 15:03:05,"9 inbound credits from 9 sources ($21,202), 89% moved out in 2026-05",">= 6 inbound credits from >= 4 distinct sources in a month totalling >= $8,000, with >= 70% moved out",2.25,1.31,39.4,39.4,,,FUNNEL
A-00119,ME000029,ML,M-ANOM-DEP,Deposit behaviour anomaly,ACC0000997,DEPOSIT,2026-06-30 17:39:53,2026-06-01 11:10:35,Anomaly score 0.795 - top 0.03% of deposit account-months in 2026-06,Top 1% (score >= 0.676),1.18,1.0,24.5,24.5,0.795,"External credits vs declared income: 37.1x (typical 0.8x) | Cash deposits vs expected cash: 378.4x (typical 0.0x) | International wires: $26,612 (typical $0)",BEHAVIOUR_ANOMALY
A-00119,RE000280,RULE,R-DEP-05,Cash inconsistent with profile,ACC0000997,DEPOSIT,2026-06-23 13:30:21,2026-06-05 10:09:27,"$37,844 cash in 2026-06 vs expected $100/month (378.4x)","Monthly cash deposits >= $10,000 and >= 3x the party's expected monthly cash",3.78,1.5,30.0,30.0,,,CASH_PROFILE
A-00119,RE000360,RULE,R-DEP-06,Funnel / many-to-one,ACC0000997,DEPOSIT,2026-06-30 16:25:39,2026-06-01 11:10:35,"15 inbound credits from 15 sources ($37,844), 90% moved out in 2026-06",">= 6 inbound credits from >= 4 distinct sources in a month totalling >= $8,000, with >= 70% moved out",3.75,1.5,45.0,45.0,,,FUNNEL
A-00043,RE000361,RULE,R-DEP-06,Funnel / many-to-one,ACC0001022,DEPOSIT,2026-04-27 11:44:34,2026-04-02 21:53:39,"13 inbound credits from 13 sources ($18,910), 96% moved out in 2026-04",">= 6 inbound credits from >= 4 distinct sources in a month totalling >= $8,000, with >= 70% moved out",2.36,1.34,40.2,40.2,,,FUNNEL
A-00144,ME000030,ML,M-ANOM-DEP,Deposit behaviour anomaly,ACC0001158,DEPOSIT,2026-06-27 12:35:34,2026-06-01 09:29:12,Anomaly score 0.716 - top 0.44% of deposit account-months in 2026-06,Top 1% (score >= 0.676),1.06,1.0,18.4,18.4,0.7157,"Largest single credit vs monthly income: 8.9x (typical 0.4x) | Outgoing wires: $110,817 (typical $0) | External credits vs declared income: 9.7x (typical 0.8x)",BEHAVIOUR_ANOMALY
A-00144,RE000125,RULE,R-DEP-02,Rapid movement of funds,ACC0001158,DEPOSIT,2026-06-18 10:00:00,2026-06-16 10:00:00,"$120,849 in, $110,817 (92%) out within 3 days","External credits >= $20,000 within 3 days, and >= 80% debited out within the following 3 days",2.29,1.32,33.1,33.1,,,RAPID_MOVE
A-00174,ME000383,ML,M-ANOM-CRD,Card behaviour anomaly,ACC0001194,CARD,2026-06-30 22:00:00,2026-06-01 08:00:16,Anomaly score 0.682 - top 0.61% of card account-months in 2026-06,Top 1% (score >= 0.670),1.02,1.0,15.8,15.8,0.6823,"Cash advances: $3,540 (typical $0) | Number of cash advances: 5 (typical 0) | Payments vs credit limit: 0.5x (typical 0.2x)",BEHAVIOUR_ANOMALY
A-00174,RE000495,RULE,R-CRD-01,Cash-advance cycling,ACC0001194,CARD,2026-06-25 14:31:55,2026-06-01 08:00:16,"5 cash advances $3,540, repaid $4,060 in 2026-06 (0 cash payments)",">= 3 cash advances totalling >= $2,500 in a month, repaid (>= 80%) in the same month",1.42,1.1,22.1,22.1,,,CC_CASH_ADV
A-00319,ME000385,ML,M-ANOM-CRD,Card behaviour anomaly,ACC0001255,CARD,2026-09-27 18:39:34,2026-09-01 06:27:13,Anomaly score 0.684 - top 0.56% of card account-months in 2026-09,Top 1% (score >= 0.670),1.02,1.0,16.6,16.6,0.6844,"Cash advances: $2,660 (typical $0) | Number of cash advances: 4 (typical 0) | Payments vs credit limit: 0.6x (typical 0.2x)",BEHAVIOUR_ANOMALY
A-00319,RE000496,RULE,R-CRD-01,Cash-advance cycling,ACC0001255,CARD,2026-09-25 17:51:03,2026-09-01 06:27:13,"4 cash advances $2,660, repaid $3,411 in 2026-09 (0 cash payments)",">= 3 cash advances totalling >= $2,500 in a month, repaid (>= 80%) in the same month",1.06,1.02,20.3,20.3,,,CC_CASH_ADV
A-00066,ME000032,ML,M-ANOM-DEP,Deposit behaviour anomaly,ACC0001257,DEPOSIT,2026-05-31 20:32:08,2026-05-02 03:21:03,Anomaly score 0.735 - top 0.30% of deposit account-months in 2026-05,Top 1% (score >= 0.676),1.09,1.0,20.5,20.5,0.7354,"International wires: $20,593 (typical $0) | External credits vs declared income: 10.4x (typical 0.8x) | Outgoing wires: $27,075 (typical $0)",BEHAVIOUR_ANOMALY
A-00066,RE000237,RULE,R-DEP-03,High-risk geography wire,ACC0001257,DEPOSIT,2026-05-14 13:01:05,2026-05-04 12:15:04,"2 wire(s) totalling $13,627 with HT, MM (largest $7,005)","Any wire >= $5,000 with a high-risk country, or >= 3 high-risk-country wires in a month",1.4,1.1,22.0,22.0,,,HR_WIRE
A-00066,RE000364,RULE,R-DEP-06,Funnel / many-to-one,ACC0001257,DEPOSIT,2026-05-31 09:54:30,2026-05-02 19:08:30,"25 inbound credits from 8 sources ($29,385), 96% moved out in 2026-05",">= 6 inbound credits from >= 4 distinct sources in a month totalling >= $8,000, with >= 70% moved out",2.0,1.25,37.5,37.5,,,FUNNEL
A-00128,ME000033,ML,M-ANOM-DEP,Deposit behaviour anomaly,ACC0001257,DEPOSIT,2026-06-30 13:17:26,2026-06-01 10:23:09,Anomaly score 0.733 - top 0.31% of deposit account-months in 2026-06,Top 1% (score >= 0.676),1.08,1.0,20.3,20.3,0.7329,"International wires: $27,513 (typical $0) | Outgoing wires: $34,407 (typical $0) | External credits vs declared income: 10.9x (typical 0.8x)",BEHAVIOUR_ANOMALY
A-00128,RE000238,RULE,R-DEP-03,High-risk geography wire,ACC0001257,DEPOSIT,2026-06-22 13:30:11,2026-06-04 14:52:15,"2 wire(s) totalling $13,631 with HT, SY (largest $6,890)","Any wire >= $5,000 with a high-risk country, or >= 3 high-risk-country wires in a month",1.38,1.09,21.9,21.9,,,HR_WIRE
A-00128,RE000365,RULE,R-DEP-06,Funnel / many-to-one,ACC0001257,DEPOSIT,2026-06-30 13:17:04,2026-06-02 16:52:58,"24 inbound credits from 7 sources ($31,937), 110% moved out in 2026-06",">= 6 inbound credits from >= 4 distinct sources in a month totalling >= $8,000, with >= 70% moved out",1.75,1.19,35.6,35.6,,,FUNNEL
A-00187,ME000034,ML,M-ANOM-DEP,Deposit behaviour anomaly,ACC0001257,DEPOSIT,2026-07-31 14:06:10,2026-07-01 16:07:18,Anomaly score 0.719 - top 0.41% of deposit account-months in 2026-07,Top 1% (score >= 0.676),1.06,1.0,18.9,18.9,0.7192,"International wires: $13,824 (typical $0) | Outgoing wires: $27,233 (typical $0) | External credits vs declared income: 12.2x (typical 0.8x)",BEHAVIOUR_ANOMALY
A-00187,RE000239,RULE,R-DEP-03,High-risk geography wire,ACC0001257,DEPOSIT,2026-07-14 14:34:18,2026-07-14 14:34:18,"1 wire(s) totalling $6,889 with SY (largest $6,889)","Any wire >= $5,000 with a high-risk country, or >= 3 high-risk-country wires in a month",1.38,1.09,21.9,21.9,,,HR_WIRE
A-00187,RE000366,RULE,R-DEP-06,Funnel / many-to-one,ACC0001257,DEPOSIT,2026-07-31 07:20:28,2026-07-01 16:07:18,"31 inbound credits from 8 sources ($36,152), 78% moved out in 2026-07",">= 6 inbound credits from >= 4 distinct sources in a month totalling >= $8,000, with >= 70% moved out",2.0,1.25,37.5,37.5,,,FUNNEL
A-00015,ME000035,ML,M-ANOM-DEP,Deposit behaviour anomaly,ACC0001270,DEPOSIT,2026-04-29 15:05:54,2026-04-01 03:23:05,Anomaly score 0.715 - top 0.45% of deposit account-months in 2026-04,Top 1% (score >= 0.676),1.06,1.0,18.3,18.3,0.7152,"Outgoing wires: $113,474 (typical $0) | Largest single credit vs monthly income: 7.7x (typical 0.4x) | External credits vs declared income: 8.8x (typical 0.8x)",BEHAVIOUR_ANOMALY
A-00015,RE000126,RULE,R-DEP-02,Rapid movement of funds,ACC0001270,DEPOSIT,2026-04-03 17:09:32,2026-04-01 03:23:05,"$126,756 in, $118,436 (93%) out within 3 days","External credits >= $20,000 within 3 days, and >= 80% debited out within the following 3 days",2.34,1.33,33.3,33.3,,,RAPID_MOVE
A-00264,ME000036,ML,M-ANOM-DEP,Deposit behaviour anomaly,ACC0001270,DEPOSIT,2026-08-30 09:24:08,2026-08-02 08:04:35,Anomaly score 0.708 - top 0.51% of deposit account-months in 2026-08,Top 1% (score >= 0.676),1.05,1.0,17.4,17.4,0.7076,"Outgoing wires: $92,182 (typical $0) | Largest single credit vs monthly income: 5.7x (typical 0.4x) | External credits vs declared income: 6.5x (typical 0.8x)",BEHAVIOUR_ANOMALY
A-00264,RE000127,RULE,R-DEP-02,Rapid movement of funds,ACC0001270,DEPOSIT,2026-08-08 10:00:00,2026-08-05 03:45:55,"$95,928 in, $84,627 (88%) out within 4 days","External credits >= $20,000 within 3 days, and >= 80% debited out within the following 3 days",2.21,1.3,32.5,32.5,,,RAPID_MOVE
A-00138,ME000038,ML,M-ANOM-DEP,Deposit behaviour anomaly,ACC0001352,DEPOSIT,2026-06-30 10:20:31,2026-06-01 13:34:19,Anomaly score 0.720 - top 0.40% of deposit account-months in 2026-06,Top 1% (score >= 0.676),1.06,1.0,19.0,19.0,0.7196,"Outgoing wires: $216,529 (typical $0) | Largest single credit vs monthly income: 4.9x (typical 0.4x) | External credits vs declared income: 8.5x (typical 0.8x)",BEHAVIOUR_ANOMALY
A-00138,RE000129,RULE,R-DEP-02,Rapid movement of funds,ACC0001352,DEPOSIT,2026-06-17 10:00:00,2026-06-15 10:00:00,"$132,396 in, $131,793 (100%) out within 3 days","External credits >= $20,000 within 3 days, and >= 80% debited out within the following 3 days",2.49,1.37,34.3,34.3,,,RAPID_MOVE
A-00138,RE000128,RULE,R-DEP-02,Rapid movement of funds,ACC0001352,DEPOSIT,2026-06-07 10:00:00,2026-06-05 10:00:00,"$74,644 in, $71,869 (96%) out within 3 days","External credits >= $20,000 within 3 days, and >= 80% debited out within the following 3 days",2.41,1.35,33.8,8.45,,,RAPID_MOVE
A-00317,ME000041,ML,M-ANOM-DEP,Deposit behaviour anomaly,ACC0001406,DEPOSIT,2026-09-30 21:32:38,2026-09-01 13:45:20,Anomaly score 0.696 - top 0.70% of deposit account-months in 2026-09,Top 1% (score >= 0.676),1.03,1.0,14.5,14.5,0.696,"International wires: $7,815 (typical $0) | Share of credits moved straight out: 289% (typical 7%) | Outgoing wires: $7,815 (typical $0)",BEHAVIOUR_ANOMALY
A-00317,RE000240,RULE,R-DEP-03,High-risk geography wire,ACC0001406,DEPOSIT,2026-09-09 13:21:53,2026-09-09 13:21:53,"1 wire(s) totalling $7,815 with HT (largest $7,815)","Any wire >= $5,000 with a high-risk country, or >= 3 high-risk-country wires in a month",1.56,1.14,22.8,22.8,,,HR_WIRE
A-00071,ME000387,ML,M-ANOM-CRD,Card behaviour anomaly,ACC0001425,CARD,2026-05-22 13:54:04,2026-05-05 10:41:28,Anomaly score 0.746 - top 0.05% of card account-months in 2026-05,Top 1% (score >= 0.670),1.11,1.0,24.2,24.2,0.7464,"Number of cash advances: 9 (typical 0) | Cash advances: $3,720 (typical $0) | Purchases vs credit limit: 1.9x (typical 0.2x)",BEHAVIOUR_ANOMALY
A-00071,RE000497,RULE,R-CRD-01,Cash-advance cycling,ACC0001425,CARD,2026-05-22 13:54:04,2026-05-09 14:23:18,"9 cash advances $3,720, repaid $14,250 in 2026-05 (0 cash payments)",">= 3 cash advances totalling >= $2,500 in a month, repaid (>= 80%) in the same month",1.49,1.12,22.4,22.4,,,CC_CASH_ADV
A-00071,RE000720,RULE,R-CRD-05,Bust-out pattern,ACC0001425,CARD,2026-05-19 16:48:28,2026-04-20 15:09:04,"Payment of $14,250 returned; $24,334 drawn in prior 30 days on a $15,000 limit","Returned card payment, or 14-day spend >= 85% of limit and >= 3x usual monthly spend",2.0,1.25,25.0,25.0,,,CC_BUSTOUT
A-00031,ME000044,ML,M-ANOM-DEP,Deposit behaviour anomaly,ACC0001478,DEPOSIT,2026-04-28 22:11:01,2026-04-01 14:42:32,Anomaly score 0.703 - top 0.58% of deposit account-months in 2026-04,Top 1% (score >= 0.676),1.04,1.0,16.3,16.3,0.7027,"Outgoing wires: $36,198 (typical $0) | Incoming wires: $37,572 (typical $0) | Largest single credit vs monthly income: 1.5x (typical 0.4x)",BEHAVIOUR_ANOMALY
A-00031,RE000130,RULE,R-DEP-02,Rapid movement of funds,ACC0001478,DEPOSIT,2026-04-04 10:00:00,2026-04-02 10:00:00,"$37,572 in, $42,698 (114%) out within 3 days","External credits >= $20,000 within 3 days, and >= 80% debited out within the following 3 days",1.88,1.22,30.5,30.5,,,RAPID_MOVE
A-00315,ME000389,ML,M-ANOM-CRD,Card behaviour anomaly,ACC0001497,CARD,2026-09-30 21:56:55,2026-09-01 09:00:41,Anomaly score 0.684 - top 0.58% of card account-months in 2026-09,Top 1% (score >= 0.670),1.02,1.0,16.3,16.3,0.6836,"Cash advances: $3,300 (typical $0) | Number of cash advances: 5 (typical 0) | Payments vs credit limit: 0.7x (typical 0.2x)",BEHAVIOUR_ANOMALY
A-00315,RE000498,RULE,R-CRD-01,Cash-advance cycling,ACC0001497,CARD,2026-09-25 15:07:54,2026-09-01 16:23:55,"5 cash advances $3,300, repaid $4,644 in 2026-09 (0 cash payments)",">= 3 cash advances totalling >= $2,500 in a month, repaid (>= 80%) in the same month",1.32,1.08,21.6,21.6,,,CC_CASH_ADV
A-00236,ME000390,ML,M-ANOM-CRD,Card behaviour anomaly,ACC0001571,CARD,2026-07-31 22:00:00,2026-07-02 15:12:01,Anomaly score 0.684 - top 0.58% of card account-months in 2026-07,Top 1% (score >= 0.670),1.02,1.0,16.4,16.4,0.6836,"Cash advances: $3,040 (typical $0) | Number of cash advances: 5 (typical 0) | Payments vs credit limit: 0.5x (typical 0.2x)",BEHAVIOUR_ANOMALY
A-00236,RE000500,RULE,R-CRD-01,Cash-advance cycling,ACC0001571,CARD,2026-07-25 09:17:41,2026-07-02 15:12:01,"5 cash advances $3,040, repaid $3,441 in 2026-07 (0 cash payments)",">= 3 cash advances totalling >= $2,500 in a month, repaid (>= 80%) in the same month",1.22,1.05,21.1,21.1,,,CC_CASH_ADV
A-00287,ME000391,ML,M-ANOM-CRD,Card behaviour anomaly,ACC0001571,CARD,2026-08-31 22:00:00,2026-08-03 15:44:29,Anomaly score 0.684 - top 0.56% of card account-months in 2026-08,Top 1% (score >= 0.670),1.02,1.0,16.5,16.5,0.6842,"Cash advances: $3,500 (typical $0) | Number of cash advances: 5 (typical 0) | Payments vs credit limit: 0.6x (typical 0.2x)",BEHAVIOUR_ANOMALY
A-00287,RE000501,RULE,R-CRD-01,Cash-advance cycling,ACC0001571,CARD,2026-08-25 15:31:05,2026-08-03 15:44:29,"5 cash advances $3,500, repaid $4,575 in 2026-08 (0 cash payments)",">= 3 cash advances totalling >= $2,500 in a month, repaid (>= 80%) in the same month",1.4,1.1,22.0,22.0,,,CC_CASH_ADV
A-00023,ME000047,ML,M-ANOM-DEP,Deposit behaviour anomaly,ACC0001601,DEPOSIT,2026-04-28 10:43:01,2026-04-01 14:28:26,Anomaly score 0.714 - top 0.45% of deposit account-months in 2026-04,Top 1% (score >= 0.676),1.06,1.0,18.2,18.2,0.714,"Outgoing wires: $83,313 (typical $0) | Largest single credit vs monthly income: 7.3x (typical 0.4x) | External credits vs declared income: 8.2x (typical 0.8x)",BEHAVIOUR_ANOMALY
A-00023,RE000132,RULE,R-DEP-02,Rapid movement of funds,ACC0001601,DEPOSIT,2026-04-05 10:00:00,2026-04-04 10:00:00,"$97,106 in, $83,313 (86%) out within 2 days","External credits >= $20,000 within 3 days, and >= 80% debited out within the following 3 days",2.14,1.29,32.2,32.2,,,RAPID_MOVE
A-00208,ME000048,ML,M-ANOM-DEP,Deposit behaviour anomaly,ACC0001601,DEPOSIT,2026-07-31 15:49:53,2026-07-03 13:10:17,Anomaly score 0.706 - top 0.53% of deposit account-months in 2026-07,Top 1% (score >= 0.676),1.04,1.0,17.0,17.0,0.7056,"Outgoing wires: $83,463 (typical $0) | Largest single credit vs monthly income: 7.3x (typical 0.4x) | External credits vs declared income: 8.1x (typical 0.8x)",BEHAVIOUR_ANOMALY
A-00208,RE000133,RULE,R-DEP-02,Rapid movement of funds,ACC0001601,DEPOSIT,2026-07-25 10:00:00,2026-07-23 10:00:00,"$96,763 in, $83,463 (86%) out within 3 days","External credits >= $20,000 within 3 days, and >= 80% debited out within the following 3 days",2.16,1.29,32.2,32.2,,,RAPID_MOVE
A-00169,ME000393,ML,M-ANOM-CRD,Card behaviour anomaly,ACC0001710,CARD,2026-06-25 08:47:42,2026-06-01 18:39:14,Anomaly score 0.700 - top 0.30% of card account-months in 2026-06,Top 1% (score >= 0.670),1.05,1.0,20.5,20.5,0.6998,"Cash advances: $2,600 (typical $0) | Number of cash advances: 5 (typical 0) | Payments vs credit limit: 1.3x (typical 0.2x)",BEHAVIOUR_ANOMALY
A-00169,RE000505,RULE,R-CRD-01,Cash-advance cycling,ACC0001710,CARD,2026-06-25 08:47:42,2026-06-03 20:51:52,"5 cash advances $2,600, repaid $3,674 in 2026-06 (0 cash payments)",">= 3 cash advances totalling >= $2,500 in a month, repaid (>= 80%) in the same month",1.04,1.01,20.2,20.2,,,CC_CASH_ADV
A-00277,ME000395,ML,M-ANOM-CRD,Card behaviour anomaly,ACC0001710,CARD,2026-08-31 07:50:37,2026-08-02 15:22:13,Anomaly score 0.707 - top 0.20% of card account-months in 2026-08,Top 1% (score >= 0.670),1.06,1.0,22.0,22.0,0.707,"Cash advances: $3,220 (typical $0) | Number of cash advances: 5 (typical 0) | Payments vs credit limit: 1.4x (typical 0.2x)",BEHAVIOUR_ANOMALY
A-00277,RE000506,RULE,R-CRD-01,Cash-advance cycling,ACC0001710,CARD,2026-08-25 13:05:48,2026-08-02 15:22:13,"5 cash advances $3,220, repaid $4,129 in 2026-08 (0 cash payments)",">= 3 cash advances totalling >= $2,500 in a month, repaid (>= 80%) in the same month",1.29,1.07,21.4,21.4,,,CC_CASH_ADV
A-00068,ME000051,ML,M-ANOM-DEP,Deposit behaviour anomaly,ACC0001793,DEPOSIT,2026-05-30 03:06:54,2026-05-01 11:40:30,Anomaly score 0.683 - top 0.89% of deposit account-months in 2026-05,Top 1% (score >= 0.676),1.01,1.0,11.7,11.7,0.6829,"External credits vs declared income: 8.3x (typical 0.8x) | Cash deposits vs expected cash: 55.1x (typical 0.0x) | Cash deposited: $25,919 (typical $0)",BEHAVIOUR_ANOMALY
A-00068,RE000282,RULE,R-DEP-05,Cash inconsistent with profile,ACC0001793,DEPOSIT,2026-05-16 13:28:42,2026-05-09 10:11:19,"$25,919 cash in 2026-05 vs expected $470/month (55.1x)","Monthly cash deposits >= $10,000 and >= 3x the party's expected monthly cash",2.59,1.4,28.0,28.0,,,CASH_PROFILE
A-00195,RE000284,RULE,R-DEP-05,Cash inconsistent with profile,ACC0001793,DEPOSIT,2026-07-07 16:00:13,2026-07-01 11:44:51,"$10,711 cash in 2026-07 vs expected $470/month (22.8x)","Monthly cash deposits >= $10,000 and >= 3x the party's expected monthly cash",1.07,1.02,20.4,20.4,,,CASH_PROFILE
A-00064,ME000053,ML,M-ANOM-DEP,Deposit behaviour anomaly,ACC0001913,DEPOSIT,2026-05-28 10:20:08,2026-05-01 10:10:26,Anomaly score 0.700 - top 0.62% of deposit account-months in 2026-05,Top 1% (score >= 0.676),1.04,1.0,15.7,15.7,0.7001,"Outgoing wires: $69,418 (typical $0) | Largest single credit vs monthly income: 3.1x (typical 0.4x) | Incoming wires: $77,469 (typical $0)",BEHAVIOUR_ANOMALY
A-00064,RE000134,RULE,R-DEP-02,Rapid movement of funds,ACC0001913,DEPOSIT,2026-05-11 10:00:00,2026-05-10 10:00:00,"$77,469 in, $69,418 (90%) out within 2 days","External credits >= $20,000 within 3 days, and >= 80% debited out within the following 3 days",2.24,1.31,32.8,32.8,,,RAPID_MOVE
A-00064,RE000567,RULE,R-CRD-02,Overpayment and credit-balance refund,ACC0001914,CARD,2026-05-20 13:00:00,2026-04-25 08:42:42,"Credit-balance refund $3,601 after 1 payment(s) of $25 in prior 30 days","Credit-balance refund >= $1,500 issued after card overpayment",2.4,1.35,29.7,29.7,,,CC_OVERPAY_REFUND
A-00162,ME000055,ML,M-ANOM-DEP,Deposit behaviour anomaly,ACC0001970,DEPOSIT,2026-06-29 18:56:03,2026-06-01 18:02:15,Anomaly score 0.686 - top 0.83% of deposit account-months in 2026-06,Top 1% (score >= 0.676),1.01,1.0,12.5,12.5,0.6861,"Outgoing wires: $115,489 (typical $0) | Largest single credit vs monthly income: 3.8x (typical 0.4x) | Incoming wires: $124,239 (typical $0)",BEHAVIOUR_ANOMALY
A-00162,RE000135,RULE,R-DEP-02,Rapid movement of funds,ACC0001970,DEPOSIT,2026-06-20 10:00:00,2026-06-18 03:03:42,"$136,435 in, $115,489 (85%) out within 3 days","External credits >= $20,000 within 3 days, and >= 80% debited out within the following 3 days",2.12,1.28,32.0,32.0,,,RAPID_MOVE
A-00075,RE000285,RULE,R-DEP-05,Cash inconsistent with profile,ACC0001998,DEPOSIT,2026-05-18 15:17:45,2026-05-07 16:07:24,"$15,739 cash in 2026-05 vs expected $500/month (31.5x)","Monthly cash deposits >= $10,000 and >= 3x the party's expected monthly cash",1.57,1.14,22.9,22.9,,,CASH_PROFILE
A-00135,RE000286,RULE,R-DEP-05,Cash inconsistent with profile,ACC0001998,DEPOSIT,2026-06-17 13:37:22,2026-06-09 10:50:24,"$25,711 cash in 2026-06 vs expected $500/month (51.4x)","Monthly cash deposits >= $10,000 and >= 3x the party's expected monthly cash",2.57,1.39,27.9,27.9,,,CASH_PROFILE
A-00194,RE000287,RULE,R-DEP-05,Cash inconsistent with profile,ACC0001998,DEPOSIT,2026-07-16 16:36:55,2026-07-05 10:16:41,"$21,632 cash in 2026-07 vs expected $500/month (43.3x)","Monthly cash deposits >= $10,000 and >= 3x the party's expected monthly cash",2.16,1.29,25.8,25.8,,,CASH_PROFILE
A-00075,RE001013,RULE,R-XP-01,Cash-funded credit paydown (cross-product),ACC0002000,CROSS_PRODUCT,2026-05-24 11:49:27,2026-05-07 16:07:24,"$15,739 cash in over 11 days across 1 account(s); $13,444 paid down on credit (CARD/DEPOSIT)","Party cash-in >= $10,000 (and >= 2x expected cash) within 21 days, with >= 50% used to pay down cards/loans",1.57,1.14,28.6,28.6,,,XP_CASH_TO_CREDIT
A-00135,RE001014,RULE,R-XP-01,Cash-funded credit paydown (cross-product),ACC0002000,CROSS_PRODUCT,2026-06-21 09:06:29,2026-06-09 10:50:24,"$25,711 cash in over 9 days across 1 account(s); $19,777 paid down on credit (CARD/DEPOSIT)","Party cash-in >= $10,000 (and >= 2x expected cash) within 21 days, with >= 50% used to pay down cards/loans",1.54,1.13,28.4,28.4,,,XP_CASH_TO_CREDIT
A-00194,RE001015,RULE,R-XP-01,Cash-funded credit paydown (cross-product),ACC0002000,CROSS_PRODUCT,2026-07-21 13:33:20,2026-07-05 10:16:41,"$21,632 cash in over 12 days across 1 account(s); $18,683 paid down on credit (CARD/DEPOSIT)","Party cash-in >= $10,000 (and >= 2x expected cash) within 21 days, with >= 50% used to pay down cards/loans",1.73,1.18,29.5,29.5,,,XP_CASH_TO_CREDIT
A-00142,ME000057,ML,M-ANOM-DEP,Deposit behaviour anomaly,ACC0002063,DEPOSIT,2026-06-29 20:15:47,2026-06-02 10:36:01,Anomaly score 0.778 - top 0.07% of deposit account-months in 2026-06,Top 1% (score >= 0.676),1.15,1.0,23.9,23.9,0.7777,"Largest single credit vs monthly income: 11.9x (typical 0.4x) | External credits vs declared income: 19.5x (typical 0.8x) | International wires: $86,117 (typical $0)",BEHAVIOUR_ANOMALY
A-00142,RE000241,RULE,R-DEP-03,High-risk geography wire,ACC0002063,DEPOSIT,2026-06-15 13:21:32,2026-06-04 11:35:00,"4 wire(s) totalling $86,117 with HT, IR, MM, YE (largest $35,462)","Any wire >= $5,000 with a high-risk country, or >= 3 high-risk-country wires in a month",7.09,1.5,30.0,30.0,,,HR_WIRE
A-00201,ME000058,ML,M-ANOM-DEP,Deposit behaviour anomaly,ACC0002063,DEPOSIT,2026-07-31 16:15:20,2026-07-01 18:58:09,Anomaly score 0.777 - top 0.08% of deposit account-months in 2026-07,Top 1% (score >= 0.676),1.15,1.0,23.8,23.8,0.7773,"Largest single credit vs monthly income: 12.1x (typical 0.4x) | External credits vs declared income: 13.0x (typical 0.8x) | International wires: $60,443 (typical $0)",BEHAVIOUR_ANOMALY
A-00201,RE000242,RULE,R-DEP-03,High-risk geography wire,ACC0002063,DEPOSIT,2026-07-06 10:09:14,2026-07-03 12:13:24,"2 wire(s) totalling $60,443 with HT (largest $35,977)","Any wire >= $5,000 with a high-risk country, or >= 3 high-risk-country wires in a month",7.2,1.5,30.0,30.0,,,HR_WIRE
A-00275,ME000059,ML,M-ANOM-DEP,Deposit behaviour anomaly,ACC0002063,DEPOSIT,2026-08-31 21:25:43,2026-08-01 09:29:35,Anomaly score 0.704 - top 0.55% of deposit account-months in 2026-08,Top 1% (score >= 0.676),1.04,1.0,16.8,16.8,0.7041,"International wires: $11,918 (typical $0) | Largest single credit vs monthly income: 4.0x (typical 0.4x) | External credits vs declared income: 5.3x (typical 0.8x)",BEHAVIOUR_ANOMALY
A-00275,RE000243,RULE,R-DEP-03,High-risk geography wire,ACC0002063,DEPOSIT,2026-08-23 11:56:34,2026-08-23 11:56:34,"1 wire(s) totalling $11,918 with MM (largest $11,918)","Any wire >= $5,000 with a high-risk country, or >= 3 high-risk-country wires in a month",2.38,1.35,26.9,26.9,,,HR_WIRE
A-00037,ME000060,ML,M-ANOM-DEP,Deposit behaviour anomaly,ACC0002114,DEPOSIT,2026-04-29 17:52:29,2026-04-02 08:08:08,Anomaly score 0.726 - top 0.34% of deposit account-months in 2026-04,Top 1% (score >= 0.676),1.07,1.0,19.9,19.9,0.7264,"International wires: $6,686 (typical $0) | Share of credits moved straight out: 157% (typical 7%) | Outgoing wires: $6,686 (typical $0)",BEHAVIOUR_ANOMALY
A-00037,RE000244,RULE,R-DEP-03,High-risk geography wire,ACC0002114,DEPOSIT,2026-04-09 12:11:59,2026-04-09 12:11:59,"1 wire(s) totalling $6,686 with VE (largest $6,686)","Any wire >= $5,000 with a high-risk country, or >= 3 high-risk-country wires in a month",1.34,1.08,21.7,21.7,,,HR_WIRE
A-00154,ME000065,ML,M-ANOM-DEP,Deposit behaviour anomaly,ACC0002145,DEPOSIT,2026-06-30 18:11:15,2026-06-01 08:33:31,Anomaly score 0.679 - top 0.96% of deposit account-months in 2026-06,Top 1% (score >= 0.676),1.0,1.0,10.6,10.6,0.6792,"External credits vs declared income: 16.0x (typical 0.8x) | Cash deposited: $116,654 (typical $0) | States where cash was deposited: 1 (typical 0)",BEHAVIOUR_ANOMALY
A-00154,RE000011,RULE,R-DEP-01,Structuring,ACC0002145,DEPOSIT,2026-06-07 17:26:55,2026-05-31 17:36:00,"3 cash deposits $8,405-$9,681 in 7 days (total $26,795)",">=3 cash deposits of $8,000-$9,999 into one account within 7 days",1.0,1.0,30.0,30.0,,,STRUCT
A-00154,RE000012,RULE,R-DEP-01,Structuring,ACC0002145,DEPOSIT,2026-06-24 15:13:45,2026-06-17 15:18:34,"3 cash deposits $8,255-$9,661 in 7 days (total $27,366)",">=3 cash deposits of $8,000-$9,999 into one account within 7 days",1.0,1.0,30.0,7.5,,,STRUCT
A-00220,ME000066,ML,M-ANOM-DEP,Deposit behaviour anomaly,ACC0002145,DEPOSIT,2026-07-31 15:23:04,2026-07-01 11:37:08,Anomaly score 0.697 - top 0.70% of deposit account-months in 2026-07,Top 1% (score >= 0.676),1.03,1.0,14.6,14.6,0.697,"External credits vs declared income: 17.6x (typical 0.8x) | Cash deposited: $128,299 (typical $0) | Distinct inbound senders: 9 (typical 1)",BEHAVIOUR_ANOMALY
A-00220,RE000013,RULE,R-DEP-01,Structuring,ACC0002145,DEPOSIT,2026-07-31 15:23:04,2026-07-24 17:40:15,"3 cash deposits $8,472-$9,900 in 7 days (total $28,131)",">=3 cash deposits of $8,000-$9,999 into one account within 7 days",1.0,1.0,30.0,30.0,,,STRUCT
A-00279,ME000067,ML,M-ANOM-DEP,Deposit behaviour anomaly,ACC0002145,DEPOSIT,2026-08-31 17:45:11,2026-08-01 12:51:28,Anomaly score 0.681 - top 0.91% of deposit account-months in 2026-08,Top 1% (score >= 0.676),1.01,1.0,11.3,11.3,0.6812,"External credits vs declared income: 17.1x (typical 0.8x) | Cash deposited: $123,847 (typical $0) | States where cash was deposited: 1 (typical 0)",BEHAVIOUR_ANOMALY
A-00279,RE000014,RULE,R-DEP-01,Structuring,ACC0002145,DEPOSIT,2026-08-23 16:53:39,2026-08-16 16:56:50,"3 cash deposits $8,550-$9,625 in 7 days (total $26,783)",">=3 cash deposits of $8,000-$9,999 into one account within 7 days",1.0,1.0,30.0,30.0,,,STRUCT
A-00204,ME000069,ML,M-ANOM-DEP,Deposit behaviour anomaly,ACC0002153,DEPOSIT,2026-07-31 05:19:38,2026-07-01 08:28:02,Anomaly score 0.724 - top 0.37% of deposit account-months in 2026-07,Top 1% (score >= 0.676),1.07,1.0,19.5,19.5,0.7236,"Largest single credit vs monthly income: 10.0x (typical 0.4x) | External credits vs declared income: 11.2x (typical 0.8x) | Outgoing wires: $106,746 (typical $0)",BEHAVIOUR_ANOMALY
A-00204,RE000136,RULE,R-DEP-02,Rapid movement of funds,ACC0002153,DEPOSIT,2026-07-20 10:00:00,2026-07-17 02:54:52,"$120,744 in, $106,746 (88%) out within 4 days","External credits >= $20,000 within 3 days, and >= 80% debited out within the following 3 days",2.21,1.3,32.6,32.6,,,RAPID_MOVE
A-00257,ME000070,ML,M-ANOM-DEP,Deposit behaviour anomaly,ACC0002153,DEPOSIT,2026-08-29 21:55:43,2026-08-02 10:38:51,Anomaly score 0.722 - top 0.38% of deposit account-months in 2026-08,Top 1% (score >= 0.676),1.07,1.0,19.3,19.3,0.7222,"Largest single credit vs monthly income: 10.8x (typical 0.4x) | Outgoing wires: $115,778 (typical $0) | External credits vs declared income: 11.6x (typical 0.8x)",BEHAVIOUR_ANOMALY
A-00257,RE000137,RULE,R-DEP-02,Rapid movement of funds,ACC0002153,DEPOSIT,2026-08-26 10:00:00,2026-08-24 10:00:00,"$125,536 in, $115,778 (92%) out within 3 days","External credits >= $20,000 within 3 days, and >= 80% debited out within the following 3 days",2.31,1.33,33.2,33.2,,,RAPID_MOVE
A-00033,ME000071,ML,M-ANOM-DEP,Deposit behaviour anomaly,ACC0002157,DEPOSIT,2026-04-29 13:33:28,2026-04-01 13:18:12,Anomaly score 0.700 - top 0.64% of deposit account-months in 2026-04,Top 1% (score >= 0.676),1.03,1.0,15.4,15.4,0.6996,"Distinct inbound senders: 19 (typical 1) | Outgoing wires: $6,708 (typical $0) | External credits vs declared income: 5.1x (typical 0.8x)",BEHAVIOUR_ANOMALY
A-00033,RE000372,RULE,R-DEP-06,Funnel / many-to-one,ACC0002157,DEPOSIT,2026-04-29 13:33:28,2026-04-01 13:18:12,"18 inbound credits from 18 sources ($8,302), 97% moved out in 2026-04",">= 6 inbound credits from >= 4 distinct sources in a month totalling >= $8,000, with >= 70% moved out",1.04,1.01,30.3,30.3,,,FUNNEL
A-00228,ME000398,ML,M-ANOM-CRD,Card behaviour anomaly,ACC0002178,CARD,2026-07-31 22:00:00,2026-07-01 10:04:50,Anomaly score 0.700 - top 0.29% of card account-months in 2026-07,Top 1% (score >= 0.670),1.05,1.0,20.7,20.7,0.7003,"Cash advances: $3,520 (typical $0) | Number of cash advances: 5 (typical 0) | Payments vs credit limit: 1.2x (typical 0.2x)",BEHAVIOUR_ANOMALY
A-00228,RE000507,RULE,R-CRD-01,Cash-advance cycling,ACC0002178,CARD,2026-07-25 08:13:56,2026-07-02 22:23:49,"5 cash advances $3,520, repaid $4,608 in 2026-07 (0 cash payments)",">= 3 cash advances totalling >= $2,500 in a month, repaid (>= 80%) in the same month",1.41,1.1,22.0,22.0,,,CC_CASH_ADV
A-00321,ME000400,ML,M-ANOM-CRD,Card behaviour anomaly,ACC0002178,CARD,2026-09-30 22:00:00,2026-09-03 07:24:28,Anomaly score 0.681 - top 0.67% of card account-months in 2026-09,Top 1% (score >= 0.670),1.02,1.0,14.9,14.9,0.6808,"Cash advances: $2,560 (typical $0) | Number of cash advances: 4 (typical 0) | Payments vs credit limit: 0.9x (typical 0.2x)",BEHAVIOUR_ANOMALY
A-00321,RE000508,RULE,R-CRD-01,Cash-advance cycling,ACC0002178,CARD,2026-09-25 10:00:25,2026-09-03 13:49:24,"4 cash advances $2,560, repaid $3,380 in 2026-09 (0 cash payments)",">= 3 cash advances totalling >= $2,500 in a month, repaid (>= 80%) in the same month",1.02,1.01,20.1,20.1,,,CC_CASH_ADV
A-00242,ME000073,ML,M-ANOM-DEP,Deposit behaviour anomaly,ACC0002260,DEPOSIT,2026-08-31 14:26:06,2026-08-01 05:32:13,Anomaly score 0.708 - top 0.50% of deposit account-months in 2026-08,Top 1% (score >= 0.676),1.05,1.0,17.5,17.5,0.7082,"Outgoing wires: $43,378 (typical $0) | Share of credits moved straight out: 300% (typical 7%) | International wires: $43,378 (typical $0)",BEHAVIOUR_ANOMALY
A-00242,RE000245,RULE,R-DEP-03,High-risk geography wire,ACC0002260,DEPOSIT,2026-08-29 16:16:58,2026-08-29 16:16:58,"1 wire(s) totalling $36,754 with VE (largest $36,754)","Any wire >= $5,000 with a high-risk country, or >= 3 high-risk-country wires in a month",7.35,1.5,30.0,30.0,,,HR_WIRE
A-00004,ME000561,ML,M-ANOM-LN,Loan repayment anomaly,ACC0002357,LOAN,2026-04-22 15:49:15,2026-04-04 10:48:36,Anomaly score 0.754 - top 0.33% of loan account-months in 2026-04,Top 1% (score >= 0.670),1.12,1.0,20.1,20.1,0.7538,"Loan paid in cash: $2,188 (typical $0) | Repaid vs scheduled payment: 4.9x (typical 1.0x) | Extra / payoff vs loan amount: 9% (typical 0%)",BEHAVIOUR_ANOMALY
A-00090,ME000562,ML,M-ANOM-LN,Loan repayment anomaly,ACC0002357,LOAN,2026-05-15 12:12:33,2026-05-04 15:20:09,Anomaly score 0.745 - top 0.36% of loan account-months in 2026-05,Top 1% (score >= 0.670),1.11,1.0,19.6,19.6,0.7449,"Loan paid in cash: $1,790 (typical $0) | Repaid vs scheduled payment: 4.2x (typical 1.0x) | Extra / payoff vs loan amount: 8% (typical 0%)",BEHAVIOUR_ANOMALY
A-00120,ME000563,ML,M-ANOM-LN,Loan repayment anomaly,ACC0002357,LOAN,2026-06-19 11:14:43,2026-06-04 08:41:31,Anomaly score 0.758 - top 0.29% of loan account-months in 2026-06,Top 1% (score >= 0.670),1.13,1.0,20.7,20.7,0.758,"Loan paid in cash: $2,960 (typical $0) | Repaid vs scheduled payment: 6.3x (typical 1.0x) | Extra / payoff vs loan amount: 12% (typical 0%)",BEHAVIOUR_ANOMALY
A-00103,ME000401,ML,M-ANOM-CRD,Card behaviour anomaly,ACC0002375,CARD,2026-05-31 22:00:00,2026-05-02 22:09:12,Anomaly score 0.700 - top 0.29% of card account-months in 2026-05,Top 1% (score >= 0.670),1.05,1.0,20.6,20.6,0.7002,"Cash advances: $3,460 (typical $0) | Number of cash advances: 5 (typical 0) | Payments vs credit limit: 0.8x (typical 0.2x)",BEHAVIOUR_ANOMALY
A-00103,RE000509,RULE,R-CRD-01,Cash-advance cycling,ACC0002375,CARD,2026-05-25 11:08:37,2026-05-04 11:35:44,"5 cash advances $3,460, repaid $3,848 in 2026-05 (0 cash payments)",">= 3 cash advances totalling >= $2,500 in a month, repaid (>= 80%) in the same month",1.38,1.1,21.9,21.9,,,CC_CASH_ADV
A-00165,ME000402,ML,M-ANOM-CRD,Card behaviour anomaly,ACC0002375,CARD,2026-06-30 22:00:00,2026-06-01 09:56:23,Anomaly score 0.699 - top 0.31% of card account-months in 2026-06,Top 1% (score >= 0.670),1.04,1.0,20.4,20.4,0.6992,"Cash advances: $3,300 (typical $0) | Number of cash advances: 5 (typical 0) | Payments vs credit limit: 0.8x (typical 0.2x)",BEHAVIOUR_ANOMALY
A-00165,RE000510,RULE,R-CRD-01,Cash-advance cycling,ACC0002375,CARD,2026-06-25 11:31:45,2026-06-01 09:56:23,"5 cash advances $3,300, repaid $3,607 in 2026-06 (0 cash payments)",">= 3 cash advances totalling >= $2,500 in a month, repaid (>= 80%) in the same month",1.32,1.08,21.6,21.6,,,CC_CASH_ADV
A-00314,ME000403,ML,M-ANOM-CRD,Card behaviour anomaly,ACC0002375,CARD,2026-09-30 22:00:00,2026-09-02 09:55:59,Anomaly score 0.698 - top 0.35% of card account-months in 2026-09,Top 1% (score >= 0.670),1.04,1.0,19.7,19.7,0.6976,"Cash advances: $2,500 (typical $0) | Number of cash advances: 5 (typical 0) | Payments vs credit limit: 0.8x (typical 0.2x)",BEHAVIOUR_ANOMALY
A-00314,RE000511,RULE,R-CRD-01,Cash-advance cycling,ACC0002375,CARD,2026-09-25 18:51:59,2026-09-03 19:25:10,"5 cash advances $2,500, repaid $3,690 in 2026-09 (0 cash payments)",">= 3 cash advances totalling >= $2,500 in a month, repaid (>= 80%) in the same month",1.0,1.0,20.0,20.0,,,CC_CASH_ADV
A-00234,RE000016,RULE,R-DEP-01,Structuring,ACC0002472,DEPOSIT,2026-07-10 15:48:52,2026-07-03 17:14:22,"4 cash deposits $8,051-$9,553 in 7 days (total $35,090)",">=3 cash deposits of $8,000-$9,999 into one account within 7 days",1.33,1.08,32.5,32.5,,,STRUCT
A-00234,RE000017,RULE,R-DEP-01,Structuring,ACC0002472,DEPOSIT,2026-07-19 16:03:42,2026-07-12 17:00:25,"3 cash deposits $8,752-$9,819 in 7 days (total $27,706)",">=3 cash deposits of $8,000-$9,999 into one account within 7 days",1.0,1.0,30.0,7.5,,,STRUCT
A-00272,RE000018,RULE,R-DEP-01,Structuring,ACC0002472,DEPOSIT,2026-08-02 16:59:33,2026-07-29 16:44:40,"3 cash deposits $8,282-$9,870 in 5 days (total $26,886)",">=3 cash deposits of $8,000-$9,999 into one account within 7 days",1.0,1.0,30.0,30.0,,,STRUCT
A-00272,RE000019,RULE,R-DEP-01,Structuring,ACC0002472,DEPOSIT,2026-08-12 16:01:44,2026-08-05 16:48:36,"3 cash deposits $8,392-$9,361 in 7 days (total $26,843)",">=3 cash deposits of $8,000-$9,999 into one account within 7 days",1.0,1.0,30.0,7.5,,,STRUCT
A-00272,RE000020,RULE,R-DEP-01,Structuring,ACC0002472,DEPOSIT,2026-08-23 15:20:53,2026-08-19 16:40:07,"3 cash deposits $8,561-$9,007 in 4 days (total $26,538)",">=3 cash deposits of $8,000-$9,999 into one account within 7 days",1.0,1.0,30.0,7.5,,,STRUCT
A-00302,ME000080,ML,M-ANOM-DEP,Deposit behaviour anomaly,ACC0002472,DEPOSIT,2026-09-30 17:02:19,2026-09-01 15:10:56,Anomaly score 0.682 - top 0.90% of deposit account-months in 2026-09,Top 1% (score >= 0.676),1.01,1.0,11.4,11.4,0.6819,"External credits vs declared income: 9.1x (typical 0.8x) | Cash deposited: $115,052 (typical $0) | Distinct inbound senders: 9 (typical 1)",BEHAVIOUR_ANOMALY
A-00302,RE000021,RULE,R-DEP-01,Structuring,ACC0002472,DEPOSIT,2026-09-09 15:57:08,2026-09-02 17:26:26,"3 cash deposits $8,211-$9,025 in 7 days (total $25,646)",">=3 cash deposits of $8,000-$9,999 into one account within 7 days",1.0,1.0,30.0,30.0,,,STRUCT
A-00302,RE000022,RULE,R-DEP-01,Structuring,ACC0002472,DEPOSIT,2026-09-18 16:36:46,2026-09-13 16:42:32,"3 cash deposits $8,307-$9,066 in 5 days (total $26,134)",">=3 cash deposits of $8,000-$9,999 into one account within 7 days",1.0,1.0,30.0,7.5,,,STRUCT
A-00209,ME000081,ML,M-ANOM-DEP,Deposit behaviour anomaly,ACC0002496,DEPOSIT,2026-07-29 17:25:59,2026-07-01 08:47:47,Anomaly score 0.693 - top 0.73% of deposit account-months in 2026-07,Top 1% (score >= 0.676),1.02,1.0,14.0,14.0,0.6926,"Outgoing wires: $47,742 (typical $0) | Incoming wires: $48,525 (typical $0) | Largest single credit vs monthly income: 2.2x (typical 0.4x)",BEHAVIOUR_ANOMALY
A-00209,RE000138,RULE,R-DEP-02,Rapid movement of funds,ACC0002496,DEPOSIT,2026-07-25 10:00:00,2026-07-24 10:00:00,"$48,525 in, $47,742 (98%) out within 2 days","External credits >= $20,000 within 3 days, and >= 80% debited out within the following 3 days",2.43,1.36,33.9,33.9,,,RAPID_MOVE
A-00307,ME000082,ML,M-ANOM-DEP,Deposit behaviour anomaly,ACC0002496,DEPOSIT,2026-09-30 13:31:34,2026-09-01 12:27:51,Anomaly score 0.684 - top 0.87% of deposit account-months in 2026-09,Top 1% (score >= 0.676),1.01,1.0,12.0,12.0,0.6839,"Outgoing wires: $79,128 (typical $0) | Largest single credit vs monthly income: 3.8x (typical 0.4x) | Incoming wires: $81,620 (typical $0)",BEHAVIOUR_ANOMALY
A-00307,RE000139,RULE,R-DEP-02,Rapid movement of funds,ACC0002496,DEPOSIT,2026-09-04 19:56:11,2026-09-02 10:00:00,"$81,620 in, $77,486 (95%) out within 3 days","External credits >= $20,000 within 3 days, and >= 80% debited out within the following 3 days",2.37,1.34,33.6,33.6,,,RAPID_MOVE
A-00258,ME000083,ML,M-ANOM-DEP,Deposit behaviour anomaly,ACC0002504,DEPOSIT,2026-08-31 19:00:22,2026-08-01 09:57:36,Anomaly score 0.723 - top 0.37% of deposit account-months in 2026-08,Top 1% (score >= 0.676),1.07,1.0,19.5,19.5,0.7231,"Largest single credit vs monthly income: 8.9x (typical 0.4x) | Outgoing wires: $126,321 (typical $0) | External credits vs declared income: 9.7x (typical 0.8x)",BEHAVIOUR_ANOMALY
A-00258,RE000140,RULE,R-DEP-02,Rapid movement of funds,ACC0002504,DEPOSIT,2026-08-14 10:00:00,2026-08-13 10:00:00,"$124,078 in, $109,321 (88%) out within 2 days","External credits >= $20,000 within 3 days, and >= 80% debited out within the following 3 days",2.2,1.3,32.5,32.5,,,RAPID_MOVE
A-00054,ME000084,ML,M-ANOM-DEP,Deposit behaviour anomaly,ACC0002572,DEPOSIT,2026-05-31 13:11:20,2026-05-01 15:42:59,Anomaly score 0.782 - top 0.06% of deposit account-months in 2026-05,Top 1% (score >= 0.676),1.16,1.0,24.0,24.0,0.7816,"External credits vs declared income: 21.8x (typical 0.8x) | Cash deposits vs expected cash: 1156.0x (typical 0.0x) | Outgoing wires: $95,769 (typical $0)",BEHAVIOUR_ANOMALY
A-00054,RE000023,RULE,R-DEP-01,Structuring,ACC0002572,DEPOSIT,2026-05-09 09:58:24,2026-05-05 13:38:26,"5 cash deposits $8,218-$9,647 in 4 days (total $44,201)",">=3 cash deposits of $8,000-$9,999 into one account within 7 days",1.67,1.17,35.0,35.0,,,STRUCT
A-00054,RE000024,RULE,R-DEP-01,Structuring,ACC0002572,DEPOSIT,2026-05-20 10:02:12,2026-05-15 15:26:49,"4 cash deposits $8,330-$9,306 in 5 days (total $35,881)",">=3 cash deposits of $8,000-$9,999 into one account within 7 days",1.33,1.08,32.5,8.12,,,STRUCT
A-00054,RE000025,RULE,R-DEP-01,Structuring,ACC0002572,DEPOSIT,2026-05-25 11:03:06,2026-05-24 10:30:07,"3 cash deposits $8,103-$9,720 in 2 days (total $26,055)",">=3 cash deposits of $8,000-$9,999 into one account within 7 days",1.0,1.0,30.0,7.5,,,STRUCT
A-00054,RE000289,RULE,R-DEP-05,Cash inconsistent with profile,ACC0002572,DEPOSIT,2026-05-31 13:11:20,2026-05-05 13:38:26,"$115,598 cash in 2026-05 vs expected $100/month (1156.0x)","Monthly cash deposits >= $10,000 and >= 3x the party's expected monthly cash",11.56,1.5,30.0,30.0,,,CASH_PROFILE
A-00054,RE000376,RULE,R-DEP-06,Funnel / many-to-one,ACC0002572,DEPOSIT,2026-05-30 09:59:56,2026-05-08 15:57:49,"6 inbound credits from 5 sources ($43,816), 222% moved out in 2026-05",">= 6 inbound credits from >= 4 distinct sources in a month totalling >= $8,000, with >= 70% moved out",1.25,1.06,31.9,31.9,,,FUNNEL
A-00122,ME000085,ML,M-ANOM-DEP,Deposit behaviour anomaly,ACC0002572,DEPOSIT,2026-06-30 13:45:03,2026-06-01 13:25:43,Anomaly score 0.786 - top 0.05% of deposit account-months in 2026-06,Top 1% (score >= 0.676),1.16,1.0,24.3,24.3,0.7858,"Cash deposits vs expected cash: 724.2x (typical 0.0x) | International wires: $36,624 (typical $0) | External credits vs declared income: 14.3x (typical 0.8x)",BEHAVIOUR_ANOMALY
A-00122,RE000026,RULE,R-DEP-01,Structuring,ACC0002572,DEPOSIT,2026-06-05 15:09:45,2026-05-31 13:11:20,"5 cash deposits $8,206-$9,576 in 6 days (total $44,691)",">=3 cash deposits of $8,000-$9,999 into one account within 7 days",1.67,1.17,35.0,35.0,,,STRUCT
A-00122,RE000027,RULE,R-DEP-01,Structuring,ACC0002572,DEPOSIT,2026-06-27 09:40:15,2026-06-22 12:59:59,"4 cash deposits $8,770-$9,879 in 5 days (total $37,190)",">=3 cash deposits of $8,000-$9,999 into one account within 7 days",1.33,1.08,32.5,8.12,,,STRUCT
A-00122,RE000290,RULE,R-DEP-05,Cash inconsistent with profile,ACC0002572,DEPOSIT,2026-06-27 09:40:15,2026-06-01 13:25:43,"$72,420 cash in 2026-06 vs expected $100/month (724.2x)","Monthly cash deposits >= $10,000 and >= 3x the party's expected monthly cash",7.24,1.5,30.0,30.0,,,CASH_PROFILE
A-00002,ME000089,ML,M-ANOM-DEP,Deposit behaviour anomaly,ACC0002684,DEPOSIT,2026-04-30 13:07:12,2026-04-02 02:02:49,Anomaly score 0.783 - top 0.06% of deposit account-months in 2026-04,Top 1% (score >= 0.676),1.16,1.0,24.1,24.1,0.7828,"Cash deposits vs expected cash: 669.3x (typical 0.0x) | Outgoing wires: $92,589 (typical $0) | External credits vs declared income: 12.7x (typical 0.8x)",BEHAVIOUR_ANOMALY
A-00002,RE000028,RULE,R-DEP-01,Structuring,ACC0002684,DEPOSIT,2026-04-12 09:11:56,2026-04-08 09:30:20,"5 cash deposits $8,067-$9,858 in 4 days (total $45,274)",">=3 cash deposits of $8,000-$9,999 into one account within 7 days",1.67,1.17,35.0,35.0,,,STRUCT
A-00002,RE000030,RULE,R-DEP-01,Structuring,ACC0002684,DEPOSIT,2026-04-28 16:30:30,2026-04-24 13:06:31,"4 cash deposits $8,438-$9,486 in 5 days (total $35,797)",">=3 cash deposits of $8,000-$9,999 into one account within 7 days",1.33,1.08,32.5,8.12,,,STRUCT
A-00002,RE000029,RULE,R-DEP-01,Structuring,ACC0002684,DEPOSIT,2026-04-20 10:28:41,2026-04-16 13:29:24,"3 cash deposits $8,069-$9,598 in 4 days (total $26,018)",">=3 cash deposits of $8,000-$9,999 into one account within 7 days",1.0,1.0,30.0,7.5,,,STRUCT
A-00002,RE000291,RULE,R-DEP-05,Cash inconsistent with profile,ACC0002684,DEPOSIT,2026-04-28 16:30:30,2026-04-08 09:30:20,"$107,089 cash in 2026-04 vs expected $160/month (669.3x)","Monthly cash deposits >= $10,000 and >= 3x the party's expected monthly cash",10.71,1.5,30.0,30.0,,,CASH_PROFILE
A-00058,ME000090,ML,M-ANOM-DEP,Deposit behaviour anomaly,ACC0002684,DEPOSIT,2026-05-31 08:47:38,2026-05-01 14:50:41,Anomaly score 0.763 - top 0.14% of deposit account-months in 2026-05,Top 1% (score >= 0.676),1.13,1.0,22.9,22.9,0.7632,"Cash deposits vs expected cash: 226.7x (typical 0.0x) | International wires: $31,452 (typical $0) | Outgoing wires: $31,452 (typical $0)",BEHAVIOUR_ANOMALY
A-00058,RE000031,RULE,R-DEP-01,Structuring,ACC0002684,DEPOSIT,2026-05-07 11:37:06,2026-05-04 11:55:17,"4 cash deposits $8,123-$9,577 in 3 days (total $36,274)",">=3 cash deposits of $8,000-$9,999 into one account within 7 days",1.33,1.08,32.5,32.5,,,STRUCT
A-00058,RE000142,RULE,R-DEP-02,Rapid movement of funds,ACC0002684,DEPOSIT,2026-05-09 14:46:44,2026-05-04 11:55:17,"$36,274 in, $31,452 (87%) out within 6 days","External credits >= $20,000 within 3 days, and >= 80% debited out within the following 3 days",1.81,1.2,30.1,30.1,,,RAPID_MOVE
A-00058,RE000141,RULE,R-DEP-02,Rapid movement of funds,ACC0002684,DEPOSIT,2026-05-02 19:12:41,2026-04-28 12:30:09,"$31,133 in, $35,695 (115%) out within 5 days","External credits >= $20,000 within 3 days, and >= 80% debited out within the following 3 days",1.56,1.14,28.5,7.12,,,RAPID_MOVE
A-00058,RE000292,RULE,R-DEP-05,Cash inconsistent with profile,ACC0002684,DEPOSIT,2026-05-07 11:37:06,2026-05-04 11:55:17,"$36,274 cash in 2026-05 vs expected $160/month (226.7x)","Monthly cash deposits >= $10,000 and >= 3x the party's expected monthly cash",3.63,1.5,30.0,30.0,,,CASH_PROFILE
A-00116,ME000091,ML,M-ANOM-DEP,Deposit behaviour anomaly,ACC0002684,DEPOSIT,2026-06-30 14:45:43,2026-06-01 08:36:21,Anomaly score 0.771 - top 0.12% of deposit account-months in 2026-06,Top 1% (score >= 0.676),1.14,1.0,23.2,23.2,0.7706,"Cash deposits vs expected cash: 556.0x (typical 0.0x) | Outgoing wires: $77,742 (typical $0) | External credits vs declared income: 10.4x (typical 0.8x)",BEHAVIOUR_ANOMALY
A-00116,RE000034,RULE,R-DEP-01,Structuring,ACC0002684,DEPOSIT,2026-06-24 12:44:35,2026-06-19 16:43:05,"4 cash deposits $8,275-$9,438 in 5 days (total $36,195)",">=3 cash deposits of $8,000-$9,999 into one account within 7 days",1.33,1.08,32.5,32.5,,,STRUCT
A-00116,RE000032,RULE,R-DEP-01,Structuring,ACC0002684,DEPOSIT,2026-06-03 13:52:34,2026-06-01 12:55:33,"3 cash deposits $8,462-$9,002 in 3 days (total $26,117)",">=3 cash deposits of $8,000-$9,999 into one account within 7 days",1.0,1.0,30.0,7.5,,,STRUCT
A-00116,RE000033,RULE,R-DEP-01,Structuring,ACC0002684,DEPOSIT,2026-06-12 11:26:43,2026-06-09 14:57:40,"3 cash deposits $8,249-$9,853 in 3 days (total $26,643)",">=3 cash deposits of $8,000-$9,999 into one account within 7 days",1.0,1.0,30.0,7.5,,,STRUCT
A-00116,RE000143,RULE,R-DEP-02,Rapid movement of funds,ACC0002684,DEPOSIT,2026-06-25 13:02:43,2026-06-21 12:52:56,"$26,769 in, $31,086 (116%) out within 5 days","External credits >= $20,000 within 3 days, and >= 80% debited out within the following 3 days",1.34,1.08,27.1,27.1,,,RAPID_MOVE
A-00116,RE000293,RULE,R-DEP-05,Cash inconsistent with profile,ACC0002684,DEPOSIT,2026-06-24 12:44:35,2026-06-01 12:55:33,"$88,954 cash in 2026-06 vs expected $160/month (556.0x)","Monthly cash deposits >= $10,000 and >= 3x the party's expected monthly cash",8.9,1.5,30.0,30.0,,,CASH_PROFILE
A-00222,ME000094,ML,M-ANOM-DEP,Deposit behaviour anomaly,ACC0002723,DEPOSIT,2026-07-31 03:29:26,2026-07-01 12:58:24,Anomaly score 0.680 - top 0.95% of deposit account-months in 2026-07,Top 1% (score >= 0.676),1.0,1.0,10.7,10.7,0.6796,"Outgoing wires: $50,029 (typical $0) | Largest single credit vs monthly income: 3.4x (typical 0.4x) | Incoming wires: $52,182 (typical $0)",BEHAVIOUR_ANOMALY
A-00222,RE000144,RULE,R-DEP-02,Rapid movement of funds,ACC0002723,DEPOSIT,2026-07-09 10:00:00,2026-07-08 10:00:00,"$52,182 in, $50,029 (96%) out within 2 days","External credits >= $20,000 within 3 days, and >= 80% debited out within the following 3 days",2.4,1.35,33.7,33.7,,,RAPID_MOVE
A-00251,ME000096,ML,M-ANOM-DEP,Deposit behaviour anomaly,ACC0002799,DEPOSIT,2026-08-30 20:38:14,2026-08-01 10:00:00,Anomaly score 0.712 - top 0.47% of deposit account-months in 2026-08,Top 1% (score >= 0.676),1.05,1.0,18.0,18.0,0.7123,"Largest single credit vs monthly income: 8.4x (typical 0.4x) | Outgoing wires: $115,937 (typical $0) | External credits vs declared income: 9.3x (typical 0.8x)",BEHAVIOUR_ANOMALY
A-00251,RE000145,RULE,R-DEP-02,Rapid movement of funds,ACC0002799,DEPOSIT,2026-08-03 10:00:00,2026-08-01 10:00:00,"$128,776 in, $122,362 (95%) out within 3 days","External credits >= $20,000 within 3 days, and >= 80% debited out within the following 3 days",2.38,1.34,33.6,33.6,,,RAPID_MOVE
A-00177,RE000382,RULE,R-DEP-06,Funnel / many-to-one,ACC0002806,DEPOSIT,2026-06-30 19:21:40,2026-06-02 18:11:54,"26 inbound credits from 26 sources ($8,723), 85% moved out in 2026-06",">= 6 inbound credits from >= 4 distinct sources in a month totalling >= $8,000, with >= 70% moved out",1.09,1.02,30.7,30.7,,,FUNNEL
A-00270,ME000097,ML,M-ANOM-DEP,Deposit behaviour anomaly,ACC0002806,DEPOSIT,2026-08-31 07:05:22,2026-08-01 13:48:58,Anomaly score 0.683 - top 0.88% of deposit account-months in 2026-08,Top 1% (score >= 0.676),1.01,1.0,11.8,11.8,0.6834,"Distinct inbound senders: 26 (typical 1) | External credits vs declared income: 18.4x (typical 0.8x) | Outgoing wires: $5,222 (typical $0)",BEHAVIOUR_ANOMALY
A-00270,RE000383,RULE,R-DEP-06,Funnel / many-to-one,ACC0002806,DEPOSIT,2026-08-31 07:05:22,2026-08-01 13:48:58,"25 inbound credits from 25 sources ($8,168), 72% moved out in 2026-08",">= 6 inbound credits from >= 4 distinct sources in a month totalling >= $8,000, with >= 70% moved out",1.02,1.01,30.2,30.2,,,FUNNEL
A-00102,ME000098,ML,M-ANOM-DEP,Deposit behaviour anomaly,ACC0002820,DEPOSIT,2026-05-31 10:12:42,2026-05-01 19:11:05,Anomaly score 0.684 - top 0.87% of deposit account-months in 2026-05,Top 1% (score >= 0.676),1.01,1.0,11.9,11.9,0.6836,International wires: $494 (typical $0) | Outgoing wires: $494 (typical $0) | Wires with high-risk countries: $494 (typical $0),BEHAVIOUR_ANOMALY
A-00102,RE000384,RULE,R-DEP-06,Funnel / many-to-one,ACC0002820,DEPOSIT,2026-05-29 21:03:46,2026-05-01 19:11:05,"7 inbound credits from 7 sources ($8,746), 110% moved out in 2026-05",">= 6 inbound credits from >= 4 distinct sources in a month totalling >= $8,000, with >= 70% moved out",1.09,1.02,30.7,30.7,,,FUNNEL
A-00203,ME000099,ML,M-ANOM-DEP,Deposit behaviour anomaly,ACC0002820,DEPOSIT,2026-07-30 20:16:01,2026-07-01 12:57:02,Anomaly score 0.701 - top 0.61% of deposit account-months in 2026-07,Top 1% (score >= 0.676),1.04,1.0,15.9,15.9,0.7011,"International wires: $1,211 (typical $0) | Distinct inbound senders: 13 (typical 1) | Outgoing wires: $1,211 (typical $0)",BEHAVIOUR_ANOMALY
A-00203,RE000386,RULE,R-DEP-06,Funnel / many-to-one,ACC0002820,DEPOSIT,2026-07-30 20:16:01,2026-07-01 12:57:02,"12 inbound credits from 12 sources ($15,001), 103% moved out in 2026-07",">= 6 inbound credits from >= 4 distinct sources in a month totalling >= $8,000, with >= 70% moved out",1.88,1.22,36.6,36.6,,,FUNNEL
A-00027,ME000102,ML,M-ANOM-DEP,Deposit behaviour anomaly,ACC0002934,DEPOSIT,2026-04-30 17:32:23,2026-04-01 15:31:06,Anomaly score 0.719 - top 0.41% of deposit account-months in 2026-04,Top 1% (score >= 0.676),1.06,1.0,18.8,18.8,0.7186,"External credits vs declared income: 35.8x (typical 0.8x) | Cash deposited: $123,147 (typical $0) | Largest single credit vs monthly income: 2.9x (typical 0.4x)",BEHAVIOUR_ANOMALY
A-00027,RE000035,RULE,R-DEP-01,Structuring,ACC0002934,DEPOSIT,2026-04-26 15:21:56,2026-04-19 16:56:35,"3 cash deposits $9,544-$9,771 in 7 days (total $29,048)",">=3 cash deposits of $8,000-$9,999 into one account within 7 days",1.0,1.0,30.0,30.0,,,STRUCT
A-00072,ME000103,ML,M-ANOM-DEP,Deposit behaviour anomaly,ACC0002934,DEPOSIT,2026-05-31 15:00:29,2026-05-01 09:38:15,Anomaly score 0.724 - top 0.36% of deposit account-months in 2026-05,Top 1% (score >= 0.676),1.07,1.0,19.5,19.5,0.7236,"External credits vs declared income: 39.4x (typical 0.8x) | Cash deposited: $136,479 (typical $0) | Largest single credit vs monthly income: 3.1x (typical 0.4x)",BEHAVIOUR_ANOMALY
A-00072,RE000036,RULE,R-DEP-01,Structuring,ACC0002934,DEPOSIT,2026-05-06 15:56:30,2026-04-29 16:38:00,"4 cash deposits $8,370-$9,454 in 7 days (total $35,195)",">=3 cash deposits of $8,000-$9,999 into one account within 7 days",1.33,1.08,32.5,32.5,,,STRUCT
A-00072,RE000037,RULE,R-DEP-01,Structuring,ACC0002934,DEPOSIT,2026-05-22 16:39:14,2026-05-15 17:09:16,"4 cash deposits $8,802-$9,792 in 7 days (total $37,683)",">=3 cash deposits of $8,000-$9,999 into one account within 7 days",1.33,1.08,32.5,8.12,,,STRUCT
A-00072,RE000038,RULE,R-DEP-01,Structuring,ACC0002934,DEPOSIT,2026-05-31 15:00:29,2026-05-24 15:31:24,"3 cash deposits $8,012-$8,317 in 7 days (total $24,611)",">=3 cash deposits of $8,000-$9,999 into one account within 7 days",1.0,1.0,30.0,7.5,,,STRUCT
A-00196,ME000105,ML,M-ANOM-DEP,Deposit behaviour anomaly,ACC0002934,DEPOSIT,2026-07-31 17:56:42,2026-07-01 08:43:46,Anomaly score 0.717 - top 0.43% of deposit account-months in 2026-07,Top 1% (score >= 0.676),1.06,1.0,18.6,18.6,0.7168,"External credits vs declared income: 39.6x (typical 0.8x) | Largest single credit vs monthly income: 3.1x (typical 0.4x) | Cash deposited: $136,203 (typical $0)",BEHAVIOUR_ANOMALY
A-00196,RE000039,RULE,R-DEP-01,Structuring,ACC0002934,DEPOSIT,2026-07-05 15:51:48,2026-06-28 16:48:57,"4 cash deposits $8,254-$9,804 in 7 days (total $36,610)",">=3 cash deposits of $8,000-$9,999 into one account within 7 days",1.33,1.08,32.5,32.5,,,STRUCT
A-00196,RE000040,RULE,R-DEP-01,Structuring,ACC0002934,DEPOSIT,2026-07-31 17:56:42,2026-07-26 16:08:19,"3 cash deposits $8,603-$9,858 in 6 days (total $27,715)",">=3 cash deposits of $8,000-$9,999 into one account within 7 days",1.0,1.0,30.0,7.5,,,STRUCT
A-00263,ME000106,ML,M-ANOM-DEP,Deposit behaviour anomaly,ACC0002934,DEPOSIT,2026-08-31 16:57:37,2026-08-01 13:30:13,Anomaly score 0.710 - top 0.48% of deposit account-months in 2026-08,Top 1% (score >= 0.676),1.05,1.0,17.8,17.8,0.7105,"External credits vs declared income: 38.1x (typical 0.8x) | Largest single credit vs monthly income: 3.0x (typical 0.4x) | Cash deposited: $131,736 (typical $0)",BEHAVIOUR_ANOMALY
A-00263,RE000041,RULE,R-DEP-01,Structuring,ACC0002934,DEPOSIT,2026-08-28 15:00:50,2026-08-21 17:37:13,"4 cash deposits $8,583-$9,632 in 7 days (total $36,465)",">=3 cash deposits of $8,000-$9,999 into one account within 7 days",1.33,1.08,32.5,32.5,,,STRUCT
A-00297,ME000107,ML,M-ANOM-DEP,Deposit behaviour anomaly,ACC0002934,DEPOSIT,2026-09-30 17:17:05,2026-09-01 08:50:33,Anomaly score 0.718 - top 0.42% of deposit account-months in 2026-09,Top 1% (score >= 0.676),1.06,1.0,18.7,18.7,0.7182,"External credits vs declared income: 38.1x (typical 0.8x) | Cash deposited: $132,000 (typical $0) | Largest single credit vs monthly income: 3.0x (typical 0.4x)",BEHAVIOUR_ANOMALY
A-00297,RE000042,RULE,R-DEP-01,Structuring,ACC0002934,DEPOSIT,2026-09-06 17:17:38,2026-08-30 17:53:42,"4 cash deposits $8,803-$9,541 in 7 days (total $36,700)",">=3 cash deposits of $8,000-$9,999 into one account within 7 days",1.33,1.08,32.5,32.5,,,STRUCT
A-00297,RE000043,RULE,R-DEP-01,Structuring,ACC0002934,DEPOSIT,2026-09-25 16:36:26,2026-09-20 16:10:48,"3 cash deposits $8,005-$9,694 in 6 days (total $27,188)",">=3 cash deposits of $8,000-$9,999 into one account within 7 days",1.0,1.0,30.0,7.5,,,STRUCT
A-00115,ME000108,ML,M-ANOM-DEP,Deposit behaviour anomaly,ACC0002939,DEPOSIT,2026-06-30 17:09:53,2026-06-01 16:21:04,Anomaly score 0.779 - top 0.07% of deposit account-months in 2026-06,Top 1% (score >= 0.676),1.15,1.0,24.0,24.0,0.7786,"Cash deposits vs expected cash: 307.0x (typical 0.0x) | External credits vs declared income: 19.7x (typical 0.8x) | Outgoing wires: $77,016 (typical $0)",BEHAVIOUR_ANOMALY
A-00115,RE000045,RULE,R-DEP-01,Structuring,ACC0002939,DEPOSIT,2026-06-28 15:35:41,2026-06-23 11:43:34,"7 cash deposits $8,105-$9,809 in 6 days (total $65,766)",">=3 cash deposits of $8,000-$9,999 into one account within 7 days",2.33,1.33,40.0,40.0,,,STRUCT
A-00115,RE000044,RULE,R-DEP-01,Structuring,ACC0002939,DEPOSIT,2026-06-15 14:09:21,2026-06-12 16:17:33,"4 cash deposits $9,388-$9,870 in 3 days (total $38,138)",">=3 cash deposits of $8,000-$9,999 into one account within 7 days",1.33,1.08,32.5,8.12,,,STRUCT
A-00115,RE000146,RULE,R-DEP-02,Rapid movement of funds,ACC0002939,DEPOSIT,2026-06-28 13:42:28,2026-06-23 11:43:34,"$46,932 in, $40,859 (87%) out within 6 days","External credits >= $20,000 within 3 days, and >= 80% debited out within the following 3 days",2.18,1.29,32.4,32.4,,,RAPID_MOVE
A-00115,RE000295,RULE,R-DEP-05,Cash inconsistent with profile,ACC0002939,DEPOSIT,2026-06-28 15:35:41,2026-06-03 12:46:11,"$104,363 cash in 2026-06 vs expected $340/month (307.0x)","Monthly cash deposits >= $10,000 and >= 3x the party's expected monthly cash",10.44,1.5,30.0,30.0,,,CASH_PROFILE
A-00180,ME000109,ML,M-ANOM-DEP,Deposit behaviour anomaly,ACC0002939,DEPOSIT,2026-07-31 13:27:03,2026-07-01 09:48:39,Anomaly score 0.774 - top 0.11% of deposit account-months in 2026-07,Top 1% (score >= 0.676),1.14,1.0,23.4,23.4,0.7736,"Cash deposits vs expected cash: 290.0x (typical 0.0x) | External credits vs declared income: 18.7x (typical 0.8x) | Outgoing wires: $72,696 (typical $0)",BEHAVIOUR_ANOMALY
A-00180,RE000046,RULE,R-DEP-01,Structuring,ACC0002939,DEPOSIT,2026-07-09 12:03:12,2026-07-02 15:54:52,"7 cash deposits $8,261-$9,866 in 7 days (total $61,879)",">=3 cash deposits of $8,000-$9,999 into one account within 7 days",2.33,1.33,40.0,40.0,,,STRUCT
A-00180,RE000047,RULE,R-DEP-01,Structuring,ACC0002939,DEPOSIT,2026-07-29 11:59:35,2026-07-25 15:04:31,"4 cash deposits $8,580-$9,502 in 4 days (total $36,718)",">=3 cash deposits of $8,000-$9,999 into one account within 7 days",1.33,1.08,32.5,8.12,,,STRUCT
A-00180,RE000148,RULE,R-DEP-02,Rapid movement of funds,ACC0002939,DEPOSIT,2026-07-12 11:05:05,2026-07-06 12:46:16,"$35,897 in, $72,696 (203%) out within 6 days","External credits >= $20,000 within 3 days, and >= 80% debited out within the following 3 days",1.79,1.2,30.0,30.0,,,RAPID_MOVE
A-00180,RE000147,RULE,R-DEP-02,Rapid movement of funds,ACC0002939,DEPOSIT,2026-07-01 09:48:39,2026-06-28 05:26:35,"$21,020 in, $42,582 (203%) out within 4 days","External credits >= $20,000 within 3 days, and >= 80% debited out within the following 3 days",1.05,1.01,25.3,6.32,,,RAPID_MOVE
A-00180,RE000296,RULE,R-DEP-05,Cash inconsistent with profile,ACC0002939,DEPOSIT,2026-07-29 11:59:35,2026-07-02 15:54:52,"$98,597 cash in 2026-07 vs expected $340/month (290.0x)","Monthly cash deposits >= $10,000 and >= 3x the party's expected monthly cash",9.86,1.5,30.0,30.0,,,CASH_PROFILE
A-00024,ME000110,ML,M-ANOM-DEP,Deposit behaviour anomaly,ACC0002981,DEPOSIT,2026-04-30 10:29:43,2026-04-02 09:27:51,Anomaly score 0.706 - top 0.52% of deposit account-months in 2026-04,Top 1% (score >= 0.676),1.04,1.0,17.2,17.2,0.7062,"Outgoing wires: $132,679 (typical $0) | Largest single credit vs monthly income: 6.8x (typical 0.4x) | External credits vs declared income: 7.7x (typical 0.8x)",BEHAVIOUR_ANOMALY
A-00024,RE000149,RULE,R-DEP-02,Rapid movement of funds,ACC0002981,DEPOSIT,2026-04-24 10:00:00,2026-04-23 10:00:00,"$141,591 in, $125,307 (88%) out within 2 days","External credits >= $20,000 within 3 days, and >= 80% debited out within the following 3 days",2.21,1.3,32.6,32.6,,,RAPID_MOVE
A-00056,ME000111,ML,M-ANOM-DEP,Deposit behaviour anomaly,ACC0003102,DEPOSIT,2026-05-31 08:44:50,2026-05-01 14:03:35,Anomaly score 0.795 - top 0.04% of deposit account-months in 2026-05,Top 1% (score >= 0.676),1.17,1.0,24.4,24.4,0.7946,"Cash deposits vs expected cash: 125.8x (typical 0.0x) | International wires: $15,387 (typical $0) | External credits vs declared income: 10.3x (typical 0.8x)",BEHAVIOUR_ANOMALY
A-00056,RE000246,RULE,R-DEP-03,High-risk geography wire,ACC0003102,DEPOSIT,2026-05-30 11:00:00,2026-05-30 11:00:00,"1 wire(s) totalling $15,387 with HT (largest $15,387)","Any wire >= $5,000 with a high-risk country, or >= 3 high-risk-country wires in a month",3.08,1.5,30.0,30.0,,,HR_WIRE
A-00056,RE000297,RULE,R-DEP-05,Cash inconsistent with profile,ACC0003102,DEPOSIT,2026-05-28 11:16:02,2026-05-05 15:24:23,"$27,679 cash in 2026-05 vs expected $220/month (125.8x)","Monthly cash deposits >= $10,000 and >= 3x the party's expected monthly cash",2.77,1.44,28.8,28.8,,,CASH_PROFILE
A-00056,RE000390,RULE,R-DEP-06,Funnel / many-to-one,ACC0003102,DEPOSIT,2026-05-30 11:00:00,2026-05-05 00:25:01,"11 inbound credits from 11 sources ($27,745), 94% moved out in 2026-05",">= 6 inbound credits from >= 4 distinct sources in a month totalling >= $8,000, with >= 70% moved out",2.75,1.44,43.1,43.1,,,FUNNEL
A-00123,ME000112,ML,M-ANOM-DEP,Deposit behaviour anomaly,ACC0003102,DEPOSIT,2026-06-30 05:22:51,2026-06-01 08:36:40,Anomaly score 0.776 - top 0.10% of deposit account-months in 2026-06,Top 1% (score >= 0.676),1.15,1.0,23.5,23.5,0.7756,"Cash deposits vs expected cash: 148.0x (typical 0.0x) | International wires: $19,169 (typical $0) | External credits vs declared income: 12.0x (typical 0.8x)",BEHAVIOUR_ANOMALY
A-00123,RE000298,RULE,R-DEP-05,Cash inconsistent with profile,ACC0003102,DEPOSIT,2026-06-22 12:51:13,2026-06-01 15:43:30,"$32,557 cash in 2026-06 vs expected $220/month (148.0x)","Monthly cash deposits >= $10,000 and >= 3x the party's expected monthly cash",3.26,1.5,30.0,30.0,,,CASH_PROFILE
A-00123,RE000391,RULE,R-DEP-06,Funnel / many-to-one,ACC0003102,DEPOSIT,2026-06-30 05:22:51,2026-06-01 11:36:22,"10 inbound credits from 10 sources ($32,253), 87% moved out in 2026-06",">= 6 inbound credits from >= 4 distinct sources in a month totalling >= $8,000, with >= 70% moved out",2.5,1.38,41.2,41.2,,,FUNNEL
A-00184,ME000113,ML,M-ANOM-DEP,Deposit behaviour anomaly,ACC0003102,DEPOSIT,2026-07-31 11:09:07,2026-07-01 17:54:21,Anomaly score 0.785 - top 0.05% of deposit account-months in 2026-07,Top 1% (score >= 0.676),1.16,1.0,24.2,24.2,0.7847,"External credits vs declared income: 15.1x (typical 0.8x) | Cash deposits vs expected cash: 188.6x (typical 0.0x) | International wires: $21,181 (typical $0)",BEHAVIOUR_ANOMALY
A-00184,RE000299,RULE,R-DEP-05,Cash inconsistent with profile,ACC0003102,DEPOSIT,2026-07-27 14:42:26,2026-07-02 12:01:01,"$41,502 cash in 2026-07 vs expected $220/month (188.6x)","Monthly cash deposits >= $10,000 and >= 3x the party's expected monthly cash",4.15,1.5,30.0,30.0,,,CASH_PROFILE
A-00184,RE000392,RULE,R-DEP-06,Funnel / many-to-one,ACC0003102,DEPOSIT,2026-07-31 05:11:15,2026-07-01 17:54:21,"15 inbound credits from 15 sources ($41,536), 95% moved out in 2026-07",">= 6 inbound credits from >= 4 distinct sources in a month totalling >= $8,000, with >= 70% moved out",3.75,1.5,45.0,45.0,,,FUNNEL
A-00268,ME000114,ML,M-ANOM-DEP,Deposit behaviour anomaly,ACC0003223,DEPOSIT,2026-08-31 22:22:32,2026-08-01 12:58:11,Anomaly score 0.700 - top 0.63% of deposit account-months in 2026-08,Top 1% (score >= 0.676),1.04,1.0,15.6,15.6,0.7001,"Outgoing wires: $70,651 (typical $0) | Largest single credit vs monthly income: 5.6x (typical 0.4x) | External credits vs declared income: 6.5x (typical 0.8x)",BEHAVIOUR_ANOMALY
A-00268,RE000151,RULE,R-DEP-02,Rapid movement of funds,ACC0003223,DEPOSIT,2026-08-16 10:00:00,2026-08-14 10:00:00,"$75,791 in, $70,651 (93%) out within 3 days","External credits >= $20,000 within 3 days, and >= 80% debited out within the following 3 days",2.33,1.33,33.3,33.3,,,RAPID_MOVE
A-00051,ME000406,ML,M-ANOM-CRD,Card behaviour anomaly,ACC0003339,CARD,2026-04-30 15:06:41,2026-04-03 08:18:40,Anomaly score 0.698 - top 0.34% of card account-months in 2026-04,Top 1% (score >= 0.670),1.04,1.0,19.9,19.9,0.6983,"Payments from third parties: $2,166 (typical $0) | Distinct third-party payors: 2 (typical 0) | Payments vs credit limit: 0.9x (typical 0.2x)",BEHAVIOUR_ANOMALY
A-00051,RE000600,RULE,R-CRD-03,Third-party card payments,ACC0003339,CARD,2026-04-27 13:03:26,2026-04-17 08:11:23,"2 payments from 2 third parties totalling $2,166 in 2026-04","Card payments from >= 2 distinct third parties totalling >= $2,000 in a month",1.08,1.02,15.3,15.3,,,CC_3P_PAY
A-00049,ME000413,ML,M-ANOM-CRD,Card behaviour anomaly,ACC0003516,CARD,2026-04-30 10:56:36,2026-04-02 19:58:49,Anomaly score 0.699 - top 0.32% of card account-months in 2026-04,Top 1% (score >= 0.670),1.04,1.0,20.3,20.3,0.6991,"Payments from third parties: $2,145 (typical $0) | Distinct third-party payors: 2 (typical 0) | Gambling / crypto share of spend: 60% (typical 0%)",BEHAVIOUR_ANOMALY
A-00049,RE000603,RULE,R-CRD-03,Third-party card payments,ACC0003516,CARD,2026-04-30 10:56:36,2026-04-22 17:47:14,"2 payments from 2 third parties totalling $2,145 in 2026-04","Card payments from >= 2 distinct third parties totalling >= $2,000 in a month",1.07,1.02,15.3,15.3,,,CC_3P_PAY
A-00097,ME000123,ML,M-ANOM-DEP,Deposit behaviour anomaly,ACC0003517,DEPOSIT,2026-05-30 14:39:56,2026-05-02 14:58:16,Anomaly score 0.695 - top 0.71% of deposit account-months in 2026-05,Top 1% (score >= 0.676),1.03,1.0,14.4,14.4,0.6951,"Outgoing wires: $87,018 (typical $0) | Largest single credit vs monthly income: 4.8x (typical 0.4x) | External credits vs declared income: 5.5x (typical 0.8x)",BEHAVIOUR_ANOMALY
A-00097,RE000152,RULE,R-DEP-02,Rapid movement of funds,ACC0003517,DEPOSIT,2026-05-05 11:06:41,2026-05-04 10:00:00,"$100,590 in, $88,100 (88%) out within 2 days","External credits >= $20,000 within 3 days, and >= 80% debited out within the following 3 days",2.19,1.3,32.4,32.4,,,RAPID_MOVE
A-00017,ME000124,ML,M-ANOM-DEP,Deposit behaviour anomaly,ACC0003539,DEPOSIT,2026-04-30 12:17:24,2026-04-01 08:50:01,Anomaly score 0.724 - top 0.36% of deposit account-months in 2026-04,Top 1% (score >= 0.676),1.07,1.0,19.7,19.7,0.7242,"Largest single credit vs monthly income: 6.7x (typical 0.4x) | Outgoing wires: $72,345 (typical $0) | External credits vs declared income: 7.5x (typical 0.8x)",BEHAVIOUR_ANOMALY
A-00017,RE000153,RULE,R-DEP-02,Rapid movement of funds,ACC0003539,DEPOSIT,2026-04-12 10:00:00,2026-04-09 02:03:01,"$87,594 in, $72,345 (83%) out within 4 days","External credits >= $20,000 within 3 days, and >= 80% debited out within the following 3 days",2.06,1.27,31.7,31.7,,,RAPID_MOVE
A-00107,ME000414,ML,M-ANOM-CRD,Card behaviour anomaly,ACC0003546,CARD,2026-05-31 07:29:57,2026-05-01 20:00:04,Anomaly score 0.693 - top 0.44% of card account-months in 2026-05,Top 1% (score >= 0.670),1.04,1.0,18.4,18.4,0.6932,"Spend vs usual month: 4.0x (typical 1.0x) | Gambling / crypto share of spend: 82% (typical 0%) | Gambling / crypto spend: $9,623 (typical $0)",BEHAVIOUR_ANOMALY
A-00107,RE000649,RULE,R-CRD-04,High-risk MCC spend,ACC0003546,CARD,2026-05-29 20:00:04,2026-05-01 20:00:04,"$9,623 gambling/crypto spend in 2026-05 (82% of card spend)","Gambling / crypto (MCC 7995, 6051) spend >= $3,000 and >= 30% of card spend in a month",3.21,1.5,22.5,22.5,,,CC_HRMCC
A-00053,ME000126,ML,M-ANOM-DEP,Deposit behaviour anomaly,ACC0003646,DEPOSIT,2026-05-31 22:05:18,2026-05-01 11:14:20,Anomaly score 0.810 - top 0.01% of deposit account-months in 2026-05,Top 1% (score >= 0.676),1.2,1.0,24.8,24.8,0.81,"External credits vs declared income: 20.9x (typical 0.8x) | International wires: $32,352 (typical $0) | Cash deposits vs expected cash: 303.3x (typical 0.0x)",BEHAVIOUR_ANOMALY
A-00053,RE000048,RULE,R-DEP-01,Structuring,ACC0003646,DEPOSIT,2026-05-06 14:39:20,2026-05-02 16:14:38,"3 cash deposits $8,246-$9,054 in 4 days (total $26,234)",">=3 cash deposits of $8,000-$9,999 into one account within 7 days",1.0,1.0,30.0,30.0,,,STRUCT
A-00053,RE000049,RULE,R-DEP-01,Structuring,ACC0003646,DEPOSIT,2026-05-18 11:09:14,2026-05-14 11:24:34,"3 cash deposits $8,720-$9,316 in 4 days (total $27,271)",">=3 cash deposits of $8,000-$9,999 into one account within 7 days",1.0,1.0,30.0,7.5,,,STRUCT
A-00053,RE000247,RULE,R-DEP-03,High-risk geography wire,ACC0003646,DEPOSIT,2026-05-21 12:11:51,2026-05-21 12:11:51,"1 wire(s) totalling $32,352 with IR (largest $32,352)","Any wire >= $5,000 with a high-risk country, or >= 3 high-risk-country wires in a month",6.47,1.5,30.0,30.0,,,HR_WIRE
A-00053,RE000302,RULE,R-DEP-05,Cash inconsistent with profile,ACC0003646,DEPOSIT,2026-05-29 09:47:23,2026-05-02 16:14:38,"$78,851 cash in 2026-05 vs expected $260/month (303.3x)","Monthly cash deposits >= $10,000 and >= 3x the party's expected monthly cash",7.89,1.5,30.0,30.0,,,CASH_PROFILE
A-00053,RE000404,RULE,R-DEP-06,Funnel / many-to-one,ACC0003646,DEPOSIT,2026-05-29 09:47:23,2026-05-02 16:14:38,"9 inbound credits from 8 sources ($62,095), 91% moved out in 2026-05",">= 6 inbound credits from >= 4 distinct sources in a month totalling >= $8,000, with >= 70% moved out",2.0,1.25,37.5,37.5,,,FUNNEL
A-00113,ME000127,ML,M-ANOM-DEP,Deposit behaviour anomaly,ACC0003646,DEPOSIT,2026-06-30 15:00:06,2026-06-01 10:21:51,Anomaly score 0.816 - top 0.00% of deposit account-months in 2026-06,Top 1% (score >= 0.676),1.21,1.0,24.9,24.9,0.8159,"External credits vs declared income: 20.0x (typical 0.8x) | International wires: $46,549 (typical $0) | Outgoing wires: $79,008 (typical $0)",BEHAVIOUR_ANOMALY
A-00113,RE000050,RULE,R-DEP-01,Structuring,ACC0003646,DEPOSIT,2026-06-01 12:38:37,2026-05-27 14:53:07,"4 cash deposits $8,222-$9,190 in 5 days (total $34,207)",">=3 cash deposits of $8,000-$9,999 into one account within 7 days",1.33,1.08,32.5,32.5,,,STRUCT
A-00113,RE000248,RULE,R-DEP-03,High-risk geography wire,ACC0003646,DEPOSIT,2026-06-14 12:53:44,2026-06-14 12:53:44,"1 wire(s) totalling $22,946 with HT (largest $22,946)","Any wire >= $5,000 with a high-risk country, or >= 3 high-risk-country wires in a month",4.59,1.5,30.0,30.0,,,HR_WIRE
A-00113,RE000303,RULE,R-DEP-05,Cash inconsistent with profile,ACC0003646,DEPOSIT,2026-06-30 15:00:06,2026-06-01 10:29:45,"$76,801 cash in 2026-06 vs expected $260/month (295.4x)","Monthly cash deposits >= $10,000 and >= 3x the party's expected monthly cash",7.68,1.5,30.0,30.0,,,CASH_PROFILE
A-00113,RE000405,RULE,R-DEP-06,Funnel / many-to-one,ACC0003646,DEPOSIT,2026-06-30 15:00:06,2026-06-01 10:29:45,"10 inbound credits from 7 sources ($67,684), 117% moved out in 2026-06",">= 6 inbound credits from >= 4 distinct sources in a month totalling >= $8,000, with >= 70% moved out",1.75,1.19,35.6,35.6,,,FUNNEL
A-00182,ME000128,ML,M-ANOM-DEP,Deposit behaviour anomaly,ACC0003646,DEPOSIT,2026-07-31 10:23:27,2026-07-01 09:43:23,Anomaly score 0.801 - top 0.02% of deposit account-months in 2026-07,Top 1% (score >= 0.676),1.18,1.0,24.6,24.6,0.8008,"External credits vs declared income: 21.0x (typical 0.8x) | Cash deposits vs expected cash: 311.4x (typical 0.0x) | International wires: $57,357 (typical $0)",BEHAVIOUR_ANOMALY
A-00182,RE000051,RULE,R-DEP-01,Structuring,ACC0003646,DEPOSIT,2026-07-03 14:17:51,2026-06-30 15:00:06,"4 cash deposits $8,551-$9,344 in 3 days (total $35,126)",">=3 cash deposits of $8,000-$9,999 into one account within 7 days",1.33,1.08,32.5,32.5,,,STRUCT
A-00182,RE000052,RULE,R-DEP-01,Structuring,ACC0003646,DEPOSIT,2026-07-23 10:16:23,2026-07-16 12:46:33,"4 cash deposits $8,634-$9,881 in 7 days (total $37,671)",">=3 cash deposits of $8,000-$9,999 into one account within 7 days",1.33,1.08,32.5,8.12,,,STRUCT
A-00182,RE000304,RULE,R-DEP-05,Cash inconsistent with profile,ACC0003646,DEPOSIT,2026-07-23 10:16:23,2026-07-01 13:25:26,"$80,963 cash in 2026-07 vs expected $260/month (311.4x)","Monthly cash deposits >= $10,000 and >= 3x the party's expected monthly cash",8.1,1.5,30.0,30.0,,,CASH_PROFILE
A-00182,RE000406,RULE,R-DEP-06,Funnel / many-to-one,ACC0003646,DEPOSIT,2026-07-29 10:24:35,2026-07-01 13:25:26,"9 inbound credits from 8 sources ($71,677), 111% moved out in 2026-07",">= 6 inbound credits from >= 4 distinct sources in a month totalling >= $8,000, with >= 70% moved out",2.0,1.25,37.5,37.5,,,FUNNEL
A-00151,ME000129,ML,M-ANOM-DEP,Deposit behaviour anomaly,ACC0003659,DEPOSIT,2026-06-29 11:55:04,2026-06-01 10:00:00,Anomaly score 0.689 - top 0.78% of deposit account-months in 2026-06,Top 1% (score >= 0.676),1.02,1.0,13.3,13.3,0.689,"Outgoing wires: $83,528 (typical $0) | Largest single credit vs monthly income: 4.0x (typical 0.4x) | Incoming wires: $77,738 (typical $0)",BEHAVIOUR_ANOMALY
A-00151,RE000154,RULE,R-DEP-02,Rapid movement of funds,ACC0003659,DEPOSIT,2026-06-03 17:43:36,2026-06-01 10:00:00,"$77,738 in, $83,109 (107%) out within 3 days","External credits >= $20,000 within 3 days, and >= 80% debited out within the following 3 days",2.67,1.42,35.5,35.5,,,RAPID_MOVE
A-00262,ME000130,ML,M-ANOM-DEP,Deposit behaviour anomaly,ACC0003659,DEPOSIT,2026-08-29 19:00:27,2026-08-03 18:08:30,Anomaly score 0.703 - top 0.57% of deposit account-months in 2026-08,Top 1% (score >= 0.676),1.04,1.0,16.5,16.5,0.703,"Outgoing wires: $123,115 (typical $0) | Largest single credit vs monthly income: 6.4x (typical 0.4x) | External credits vs declared income: 7.3x (typical 0.8x)",BEHAVIOUR_ANOMALY
A-00262,RE000155,RULE,R-DEP-02,Rapid movement of funds,ACC0003659,DEPOSIT,2026-08-21 10:00:00,2026-08-19 10:00:00,"$125,308 in, $123,115 (98%) out within 3 days","External credits >= $20,000 within 3 days, and >= 80% debited out within the following 3 days",2.46,1.36,34.1,34.1,,,RAPID_MOVE
A-00134,ME000415,ML,M-ANOM-CRD,Card behaviour anomaly,ACC0003717,CARD,2026-06-30 22:00:00,2026-06-01 06:54:12,Anomaly score 0.701 - top 0.25% of card account-months in 2026-06,Top 1% (score >= 0.670),1.05,1.0,21.2,21.2,0.7013,"Gambling / crypto share of spend: 78% (typical 0%) | Gambling / crypto spend: $7,031 (typical $0) | Spend vs usual month: 2.2x (typical 1.0x)",BEHAVIOUR_ANOMALY
A-00134,RE000570,RULE,R-CRD-02,Overpayment and credit-balance refund,ACC0003717,CARD,2026-06-09 13:00:00,2026-05-17 19:52:06,"Credit-balance refund $2,386 after 1 payment(s) of $1,344 in prior 30 days","Credit-balance refund >= $1,500 issued after card overpayment",1.59,1.15,25.2,25.2,,,CC_OVERPAY_REFUND
A-00134,RE000653,RULE,R-CRD-04,High-risk MCC spend,ACC0003717,CARD,2026-06-26 17:39:06,2026-06-01 06:54:12,"$7,031 gambling/crypto spend in 2026-06 (78% of card spend)","Gambling / crypto (MCC 7995, 6051) spend >= $3,000 and >= 30% of card spend in a month",2.34,1.34,20.0,20.0,,,CC_HRMCC
A-00091,ME000131,ML,M-ANOM-DEP,Deposit behaviour anomaly,ACC0003767,DEPOSIT,2026-05-31 19:59:27,2026-05-01 11:39:51,Anomaly score 0.707 - top 0.51% of deposit account-months in 2026-05,Top 1% (score >= 0.676),1.05,1.0,17.3,17.3,0.707,"Outgoing wires: $171,346 (typical $0) | External credits vs declared income: 8.2x (typical 0.8x) | Largest single credit vs monthly income: 3.8x (typical 0.4x)",BEHAVIOUR_ANOMALY
A-00091,RE000156,RULE,R-DEP-02,Rapid movement of funds,ACC0003767,DEPOSIT,2026-05-10 10:00:00,2026-05-09 10:00:00,"$102,264 in, $88,813 (87%) out within 2 days","External credits >= $20,000 within 3 days, and >= 80% debited out within the following 3 days",2.17,1.29,32.3,32.3,,,RAPID_MOVE
A-00079,ME000132,ML,M-ANOM-DEP,Deposit behaviour anomaly,ACC0003842,DEPOSIT,2026-05-28 19:04:04,2026-05-01 15:44:59,Anomaly score 0.731 - top 0.33% of deposit account-months in 2026-05,Top 1% (score >= 0.676),1.08,1.0,20.1,20.1,0.7311,"Largest single credit vs monthly income: 11.4x (typical 0.4x) | External credits vs declared income: 12.3x (typical 0.8x) | Outgoing wires: $117,876 (typical $0)",BEHAVIOUR_ANOMALY
A-00079,RE000157,RULE,R-DEP-02,Rapid movement of funds,ACC0003842,DEPOSIT,2026-05-07 10:00:00,2026-05-05 03:42:53,"$122,403 in, $116,359 (95%) out within 3 days","External credits >= $20,000 within 3 days, and >= 80% debited out within the following 3 days",2.38,1.34,33.6,33.6,,,RAPID_MOVE
A-00206,ME000133,ML,M-ANOM-DEP,Deposit behaviour anomaly,ACC0003842,DEPOSIT,2026-07-31 22:52:43,2026-07-02 18:32:15,Anomaly score 0.710 - top 0.48% of deposit account-months in 2026-07,Top 1% (score >= 0.676),1.05,1.0,17.8,17.8,0.7104,"Outgoing wires: $67,369 (typical $0) | Largest single credit vs monthly income: 6.1x (typical 0.4x) | External credits vs declared income: 7.0x (typical 0.8x)",BEHAVIOUR_ANOMALY
A-00206,RE000158,RULE,R-DEP-02,Rapid movement of funds,ACC0003842,DEPOSIT,2026-07-07 10:00:00,2026-07-05 10:00:00,"$62,424 in, $60,057 (96%) out within 3 days","External credits >= $20,000 within 3 days, and >= 80% debited out within the following 3 days",2.41,1.35,33.8,33.8,,,RAPID_MOVE
A-00172,ME000135,ML,M-ANOM-DEP,Deposit behaviour anomaly,ACC0003919,DEPOSIT,2026-06-27 13:37:56,2026-06-01 04:51:08,Anomaly score 0.699 - top 0.66% of deposit account-months in 2026-06,Top 1% (score >= 0.676),1.03,1.0,15.1,15.1,0.6987,"Cash deposits vs expected cash: 106.3x (typical 0.0x) | Outgoing wires: $2,635 (typical $0) | Cash deposited: $18,063 (typical $0)",BEHAVIOUR_ANOMALY
A-00172,RE000305,RULE,R-DEP-05,Cash inconsistent with profile,ACC0003919,DEPOSIT,2026-06-27 13:37:56,2026-06-04 11:24:19,"$18,063 cash in 2026-06 vs expected $170/month (106.3x)","Monthly cash deposits >= $10,000 and >= 3x the party's expected monthly cash",1.81,1.2,24.0,24.0,,,CASH_PROFILE
A-00280,ME000136,ML,M-ANOM-DEP,Deposit behaviour anomaly,ACC0003919,DEPOSIT,2026-08-30 21:24:19,2026-08-01 04:39:59,Anomaly score 0.704 - top 0.55% of deposit account-months in 2026-08,Top 1% (score >= 0.676),1.04,1.0,16.7,16.7,0.7041,"Cash deposits vs expected cash: 113.4x (typical 0.0x) | Outgoing wires: $13,470 (typical $0) | Cash deposited: $19,279 (typical $0)",BEHAVIOUR_ANOMALY
A-00280,RE000307,RULE,R-DEP-05,Cash inconsistent with profile,ACC0003919,DEPOSIT,2026-08-22 13:33:39,2026-08-02 10:47:54,"$19,279 cash in 2026-08 vs expected $170/month (113.4x)","Monthly cash deposits >= $10,000 and >= 3x the party's expected monthly cash",1.93,1.23,24.6,24.6,,,CASH_PROFILE
A-00110,RE000408,RULE,R-DEP-06,Funnel / many-to-one,ACC0004045,DEPOSIT,2026-05-30 13:21:42,2026-05-03 09:44:35,"12 inbound credits from 12 sources ($15,360), 94% moved out in 2026-05",">= 6 inbound credits from >= 4 distinct sources in a month totalling >= $8,000, with >= 70% moved out",1.92,1.23,36.9,36.9,,,FUNNEL
A-00089,ME000138,ML,M-ANOM-DEP,Deposit behaviour anomaly,ACC0004046,DEPOSIT,2026-05-28 04:18:53,2026-05-01 18:36:00,Anomaly score 0.701 - top 0.61% of deposit account-months in 2026-05,Top 1% (score >= 0.676),1.04,1.0,15.8,15.8,0.7011,"Outgoing wires: $74,556 (typical $0) | Largest single credit vs monthly income: 5.6x (typical 0.4x) | External credits vs declared income: 6.6x (typical 0.8x)",BEHAVIOUR_ANOMALY
A-00089,RE000159,RULE,R-DEP-02,Rapid movement of funds,ACC0004046,DEPOSIT,2026-05-25 10:00:00,2026-05-23 10:00:00,"$76,048 in, $74,556 (98%) out within 3 days","External credits >= $20,000 within 3 days, and >= 80% debited out within the following 3 days",2.45,1.36,34.1,34.1,,,RAPID_MOVE
A-00200,ME000572,ML,M-ANOM-LN,Loan repayment anomaly,ACC0004100,LOAN,2026-07-24 11:00:00,2026-07-09 08:43:00,Anomaly score 0.826 - top 0.13% of loan account-months in 2026-07,Top 1% (score >= 0.670),1.23,1.0,23.1,23.1,0.8261,Extra / payoff vs loan amount: 70% (typical 0%) | Repaid vs scheduled payment: 40.7x (typical 1.0x) | Payments from third parties: 1 (typical 0),BEHAVIOUR_ANOMALY
A-00200,RE000737,RULE,R-LN-01,Early loan payoff / lump sum,ACC0004100,LOAN,2026-07-24 11:00:00,2026-07-24 11:00:00,"Payoff $15,082 on $21,700 loan, 10 months after origination; funded from: third party","Payoff or extra payment >= $10,000 (or >= 25% of loan amount) within 24 months of origination",2.78,1.45,26.0,26.0,,,LN_EARLY_PAYOFF
A-00080,ME000143,ML,M-ANOM-DEP,Deposit behaviour anomaly,ACC0004234,DEPOSIT,2026-05-31 15:01:58,2026-05-01 13:14:08,Anomaly score 0.776 - top 0.09% of deposit account-months in 2026-05,Top 1% (score >= 0.676),1.15,1.0,23.7,23.7,0.7764,"Largest single credit vs monthly income: 11.5x (typical 0.4x) | International wires: $57,101 (typical $0) | External credits vs declared income: 12.4x (typical 0.8x)",BEHAVIOUR_ANOMALY
A-00080,RE000249,RULE,R-DEP-03,High-risk geography wire,ACC0004234,DEPOSIT,2026-05-07 12:33:55,2026-05-07 11:11:32,"2 wire(s) totalling $57,101 with IR, KP (largest $35,516)","Any wire >= $5,000 with a high-risk country, or >= 3 high-risk-country wires in a month",7.1,1.5,30.0,30.0,,,HR_WIRE
A-00199,ME000144,ML,M-ANOM-DEP,Deposit behaviour anomaly,ACC0004234,DEPOSIT,2026-07-31 07:09:10,2026-07-02 04:29:17,Anomaly score 0.787 - top 0.05% of deposit account-months in 2026-07,Top 1% (score >= 0.676),1.16,1.0,24.3,24.3,0.787,"Largest single credit vs monthly income: 9.5x (typical 0.4x) | External credits vs declared income: 10.8x (typical 0.8x) | International wires: $70,050 (typical $0)",BEHAVIOUR_ANOMALY
A-00199,RE000250,RULE,R-DEP-03,High-risk geography wire,ACC0004234,DEPOSIT,2026-07-29 13:10:38,2026-07-08 13:56:04,"3 wire(s) totalling $70,050 with HT, VE (largest $33,198)","Any wire >= $5,000 with a high-risk country, or >= 3 high-risk-country wires in a month",6.64,1.5,30.0,30.0,,,HR_WIRE
A-00283,ME000424,ML,M-ANOM-CRD,Card behaviour anomaly,ACC0004285,CARD,2026-08-31 22:00:00,2026-08-01 18:59:33,Anomaly score 0.698 - top 0.35% of card account-months in 2026-08,Top 1% (score >= 0.670),1.04,1.0,19.8,19.8,0.6981,"Cash advances: $2,540 (typical $0) | Number of cash advances: 5 (typical 0) | Gambling / crypto share of spend: 52% (typical 0%)",BEHAVIOUR_ANOMALY
A-00283,RE000514,RULE,R-CRD-01,Cash-advance cycling,ACC0004285,CARD,2026-08-25 14:57:38,2026-08-01 18:59:33,"5 cash advances $2,540, repaid $3,904 in 2026-08 (0 cash payments)",">= 3 cash advances totalling >= $2,500 in a month, repaid (>= 80%) in the same month",1.02,1.0,20.1,20.1,,,CC_CASH_ADV
A-00179,ME000426,ML,M-ANOM-CRD,Card behaviour anomaly,ACC0004411,CARD,2026-06-30 22:00:00,2026-06-01 07:59:26,Anomaly score 0.679 - top 0.73% of card account-months in 2026-06,Top 1% (score >= 0.670),1.01,1.0,14.1,14.1,0.6789,"Cash advances: $3,100 (typical $0) | Number of cash advances: 5 (typical 0) | Gambling / crypto spend: $752 (typical $0)",BEHAVIOUR_ANOMALY
A-00179,RE000516,RULE,R-CRD-01,Cash-advance cycling,ACC0004411,CARD,2026-06-25 11:58:06,2026-06-01 14:05:07,"5 cash advances $3,100, repaid $3,730 in 2026-06 (0 cash payments)",">= 3 cash advances totalling >= $2,500 in a month, repaid (>= 80%) in the same month",1.24,1.06,21.2,21.2,,,CC_CASH_ADV
A-00050,ME000429,ML,M-ANOM-CRD,Card behaviour anomaly,ACC0004494,CARD,2026-04-28 20:42:12,2026-04-03 08:29:44,Anomaly score 0.681 - top 0.66% of card account-months in 2026-04,Top 1% (score >= 0.670),1.02,1.0,15.1,15.1,0.6808,"Cash advances: $2,680 (typical $0) | Number of cash advances: 4 (typical 0) | Payments vs credit limit: 0.9x (typical 0.2x)",BEHAVIOUR_ANOMALY
A-00050,RE000518,RULE,R-CRD-01,Cash-advance cycling,ACC0004494,CARD,2026-04-25 13:40:22,2026-04-08 10:30:31,"4 cash advances $2,680, repaid $3,834 in 2026-04 (0 cash payments)",">= 3 cash advances totalling >= $2,500 in a month, repaid (>= 80%) in the same month",1.07,1.02,20.4,20.4,,,CC_CASH_ADV
A-00170,ME000430,ML,M-ANOM-CRD,Card behaviour anomaly,ACC0004494,CARD,2026-06-30 19:05:26,2026-06-02 07:36:55,Anomaly score 0.695 - top 0.40% of card account-months in 2026-06,Top 1% (score >= 0.670),1.04,1.0,19.0,19.0,0.6952,"Cash advances: $3,180 (typical $0) | Number of cash advances: 5 (typical 0) | Payments vs credit limit: 1.0x (typical 0.2x)",BEHAVIOUR_ANOMALY
A-00170,RE000519,RULE,R-CRD-01,Cash-advance cycling,ACC0004494,CARD,2026-06-25 11:18:18,2026-06-02 08:57:48,"5 cash advances $3,180, repaid $4,297 in 2026-06 (0 cash payments)",">= 3 cash advances totalling >= $2,500 in a month, repaid (>= 80%) in the same month",1.27,1.07,21.4,21.4,,,CC_CASH_ADV
A-00285,ME000431,ML,M-ANOM-CRD,Card behaviour anomaly,ACC0004494,CARD,2026-08-30 09:25:13,2026-08-03 16:24:37,Anomaly score 0.694 - top 0.42% of card account-months in 2026-08,Top 1% (score >= 0.670),1.04,1.0,18.7,18.7,0.6941,"Cash advances: $2,720 (typical $0) | Number of cash advances: 5 (typical 0) | Payments vs credit limit: 0.9x (typical 0.2x)",BEHAVIOUR_ANOMALY
A-00285,RE000520,RULE,R-CRD-01,Cash-advance cycling,ACC0004494,CARD,2026-08-25 14:14:00,2026-08-05 10:20:29,"5 cash advances $2,720, repaid $3,609 in 2026-08 (0 cash payments)",">= 3 cash advances totalling >= $2,500 in a month, repaid (>= 80%) in the same month",1.09,1.02,20.4,20.4,,,CC_CASH_ADV
A-00146,ME000149,ML,M-ANOM-DEP,Deposit behaviour anomaly,ACC0004504,DEPOSIT,2026-06-28 17:41:41,2026-06-01 06:55:12,Anomaly score 0.701 - top 0.62% of deposit account-months in 2026-06,Top 1% (score >= 0.676),1.04,1.0,15.7,15.7,0.7007,"Outgoing wires: $94,669 (typical $0) | Largest single credit vs monthly income: 5.2x (typical 0.4x) | External credits vs declared income: 6.0x (typical 0.8x)",BEHAVIOUR_ANOMALY
A-00146,RE000160,RULE,R-DEP-02,Rapid movement of funds,ACC0004504,DEPOSIT,2026-06-04 10:00:00,2026-06-03 10:00:00,"$97,163 in, $94,669 (97%) out within 2 days","External credits >= $20,000 within 3 days, and >= 80% debited out within the following 3 days",2.44,1.36,34.0,34.0,,,RAPID_MOVE
A-00291,RE000416,RULE,R-DEP-06,Funnel / many-to-one,ACC0004557,DEPOSIT,2026-08-28 12:11:48,2026-08-01 19:16:24,"12 inbound credits from 12 sources ($14,314), 91% moved out in 2026-08",">= 6 inbound credits from >= 4 distinct sources in a month totalling >= $8,000, with >= 70% moved out",1.79,1.2,35.9,35.9,,,FUNNEL
A-00267,ME000153,ML,M-ANOM-DEP,Deposit behaviour anomaly,ACC0004601,DEPOSIT,2026-08-31 19:22:18,2026-08-01 16:45:20,Anomaly score 0.702 - top 0.59% of deposit account-months in 2026-08,Top 1% (score >= 0.676),1.04,1.0,16.1,16.1,0.702,"Outgoing wires: $119,691 (typical $0) | Largest single credit vs monthly income: 5.3x (typical 0.4x) | External credits vs declared income: 6.2x (typical 0.8x)",BEHAVIOUR_ANOMALY
A-00267,RE000161,RULE,R-DEP-02,Rapid movement of funds,ACC0004601,DEPOSIT,2026-08-04 10:00:00,2026-08-03 10:00:00,"$130,027 in, $119,691 (92%) out within 2 days","External credits >= $20,000 within 3 days, and >= 80% debited out within the following 3 days",2.3,1.33,33.1,33.1,,,RAPID_MOVE
A-00168,ME000575,ML,M-ANOM-LN,Loan repayment anomaly,ACC0004650,LOAN,2026-06-13 11:00:00,2026-06-07 19:17:12,Anomaly score 0.737 - top 0.40% of loan account-months in 2026-06,Top 1% (score >= 0.670),1.1,1.0,19.0,19.0,0.7368,Extra / payoff vs loan amount: 47% (typical 0%) | Repaid vs scheduled payment: 22.6x (typical 1.0x),BEHAVIOUR_ANOMALY
A-00168,RE000735,RULE,R-LN-01,Early loan payoff / lump sum,ACC0004650,LOAN,2026-06-13 11:00:00,2026-06-13 11:00:00,"Payoff $15,749 on $33,200 loan, 10 months after origination; funded from: ACH_CREDIT, CHECK_DEPOSIT","Payoff or extra payment >= $10,000 (or >= 25% of loan amount) within 24 months of origination",1.9,1.22,22.0,22.0,,,LN_EARLY_PAYOFF
A-00238,ME000577,ML,M-ANOM-LN,Loan repayment anomaly,ACC0004730,LOAN,2026-07-18 09:00:30,2026-07-08 09:09:24,Anomaly score 0.773 - top 0.23% of loan account-months in 2026-07,Top 1% (score >= 0.670),1.15,1.0,21.6,21.6,0.7729,"Loan paid in cash: $1,723 (typical $0) | Payments from third parties: 1 (typical 0) | Months since origination: 183 (typical 33)",BEHAVIOUR_ANOMALY
A-00238,RE000817,RULE,R-LN-03,Third-party / cash loan repayments,ACC0004730,LOAN,2026-07-18 09:00:30,2026-07-08 09:09:24,"3 loan payments in 2026-07 from third parties / cash ($2,433)",>= 2 loan payments in a month from third parties or in cash,1.5,1.12,13.5,13.5,,,LN_3P_REPAY
A-00028,ME000158,ML,M-ANOM-DEP,Deposit behaviour anomaly,ACC0004930,DEPOSIT,2026-04-30 22:44:19,2026-04-02 16:40:22,Anomaly score 0.688 - top 0.81% of deposit account-months in 2026-04,Top 1% (score >= 0.676),1.02,1.0,12.8,12.8,0.6879,Distinct inbound senders: 23 (typical 1) | External credits vs declared income: 4.6x (typical 0.8x) | Cash deposits vs expected cash: 4.3x (typical 0.0x),BEHAVIOUR_ANOMALY
A-00028,RE000420,RULE,R-DEP-06,Funnel / many-to-one,ACC0004930,DEPOSIT,2026-04-30 14:26:45,2026-04-03 12:34:40,"22 inbound credits from 22 sources ($8,490), 74% moved out in 2026-04",">= 6 inbound credits from >= 4 distinct sources in a month totalling >= $8,000, with >= 70% moved out",1.06,1.02,30.5,30.5,,,FUNNEL
A-00111,RE000421,RULE,R-DEP-06,Funnel / many-to-one,ACC0004930,DEPOSIT,2026-05-31 18:54:26,2026-05-01 19:36:35,"23 inbound credits from 23 sources ($9,776), 74% moved out in 2026-05",">= 6 inbound credits from >= 4 distinct sources in a month totalling >= $8,000, with >= 70% moved out",1.22,1.06,31.7,31.7,,,FUNNEL
A-00029,ME000163,ML,M-ANOM-DEP,Deposit behaviour anomaly,ACC0005058,DEPOSIT,2026-04-30 16:48:02,2026-04-01 10:50:23,Anomaly score 0.708 - top 0.50% of deposit account-months in 2026-04,Top 1% (score >= 0.676),1.05,1.0,17.5,17.5,0.7079,"External credits vs declared income: 16.4x (typical 0.8x) | Cash deposited: $128,004 (typical $0) | Distinct inbound senders: 9 (typical 1)",BEHAVIOUR_ANOMALY
A-00029,RE000053,RULE,R-DEP-01,Structuring,ACC0005058,DEPOSIT,2026-04-26 15:22:10,2026-04-19 16:30:24,"3 cash deposits $8,248-$9,524 in 7 days (total $27,252)",">=3 cash deposits of $8,000-$9,999 into one account within 7 days",1.0,1.0,30.0,30.0,,,STRUCT
A-00105,ME000164,ML,M-ANOM-DEP,Deposit behaviour anomaly,ACC0005058,DEPOSIT,2026-05-31 19:09:22,2026-05-01 14:18:33,Anomaly score 0.681 - top 0.92% of deposit account-months in 2026-05,Top 1% (score >= 0.676),1.01,1.0,11.2,11.2,0.6809,"External credits vs declared income: 16.3x (typical 0.8x) | Cash deposited: $129,332 (typical $0) | States where cash was deposited: 1 (typical 0)",BEHAVIOUR_ANOMALY
A-00105,RE000054,RULE,R-DEP-01,Structuring,ACC0005058,DEPOSIT,2026-05-08 16:28:17,2026-05-01 17:12:48,"3 cash deposits $8,042-$9,312 in 7 days (total $25,956)",">=3 cash deposits of $8,000-$9,999 into one account within 7 days",1.0,1.0,30.0,30.0,,,STRUCT
A-00140,ME000165,ML,M-ANOM-DEP,Deposit behaviour anomaly,ACC0005058,DEPOSIT,2026-06-29 11:53:06,2026-06-01 15:53:04,Anomaly score 0.699 - top 0.66% of deposit account-months in 2026-06,Top 1% (score >= 0.676),1.03,1.0,15.1,15.1,0.6987,"External credits vs declared income: 16.6x (typical 0.8x) | Cash deposited: $128,640 (typical $0) | Distinct inbound senders: 9 (typical 1)",BEHAVIOUR_ANOMALY
A-00140,RE000055,RULE,R-DEP-01,Structuring,ACC0005058,DEPOSIT,2026-06-14 15:04:53,2026-06-07 17:53:21,"4 cash deposits $8,893-$9,925 in 7 days (total $37,829)",">=3 cash deposits of $8,000-$9,999 into one account within 7 days",1.33,1.08,32.5,32.5,,,STRUCT
A-00140,RE000056,RULE,R-DEP-01,Structuring,ACC0005058,DEPOSIT,2026-06-21 15:31:43,2026-06-17 15:57:00,"4 cash deposits $8,472-$9,895 in 4 days (total $36,160)",">=3 cash deposits of $8,000-$9,999 into one account within 7 days",1.33,1.08,32.5,8.12,,,STRUCT
A-00205,ME000166,ML,M-ANOM-DEP,Deposit behaviour anomaly,ACC0005058,DEPOSIT,2026-07-31 16:08:51,2026-07-01 09:31:21,Anomaly score 0.695 - top 0.71% of deposit account-months in 2026-07,Top 1% (score >= 0.676),1.03,1.0,14.3,14.3,0.695,"External credits vs declared income: 17.4x (typical 0.8x) | Cash deposited: $138,797 (typical $0) | Cash deposits of $8k-$10k: 9 (typical 0)",BEHAVIOUR_ANOMALY
A-00205,RE000057,RULE,R-DEP-01,Structuring,ACC0005058,DEPOSIT,2026-07-08 17:13:22,2026-07-03 16:37:10,"3 cash deposits $8,141-$9,928 in 6 days (total $26,222)",">=3 cash deposits of $8,000-$9,999 into one account within 7 days",1.0,1.0,30.0,30.0,,,STRUCT
A-00205,RE000058,RULE,R-DEP-01,Structuring,ACC0005058,DEPOSIT,2026-07-12 15:33:16,2026-07-10 17:31:47,"3 cash deposits $8,854-$9,730 in 2 days (total $27,790)",">=3 cash deposits of $8,000-$9,999 into one account within 7 days",1.0,1.0,30.0,7.5,,,STRUCT
A-00282,ME000167,ML,M-ANOM-DEP,Deposit behaviour anomaly,ACC0005058,DEPOSIT,2026-08-31 21:44:42,2026-08-01 11:15:17,Anomaly score 0.678 - top 0.98% of deposit account-months in 2026-08,Top 1% (score >= 0.676),1.0,1.0,10.4,10.4,0.6779,"External credits vs declared income: 15.4x (typical 0.8x) | Cash deposited: $121,003 (typical $0) | States where cash was deposited: 1 (typical 0)",BEHAVIOUR_ANOMALY
A-00282,RE000059,RULE,R-DEP-01,Structuring,ACC0005058,DEPOSIT,2026-08-05 16:12:24,2026-07-29 17:14:06,"3 cash deposits $8,532-$9,994 in 7 days (total $27,206)",">=3 cash deposits of $8,000-$9,999 into one account within 7 days",1.0,1.0,30.0,30.0,,,STRUCT
A-00093,ME000169,ML,M-ANOM-DEP,Deposit behaviour anomaly,ACC0005133,DEPOSIT,2026-05-26 10:12:30,2026-05-02 09:46:39,Anomaly score 0.739 - top 0.26% of deposit account-months in 2026-05,Top 1% (score >= 0.676),1.09,1.0,21.1,21.1,0.7393,"International wires: $26,882 (typical $0) | Outgoing wires: $25,853 (typical $0) | Largest single credit vs monthly income: 4.6x (typical 0.4x)",BEHAVIOUR_ANOMALY
A-00093,RE000163,RULE,R-DEP-02,Rapid movement of funds,ACC0005133,DEPOSIT,2026-05-04 14:48:31,2026-05-02 09:48:31,"$26,882 in, $27,808 (103%) out within 3 days","External credits >= $20,000 within 3 days, and >= 80% debited out within the following 3 days",1.34,1.09,27.2,27.2,,,RAPID_MOVE
A-00130,ME000170,ML,M-ANOM-DEP,Deposit behaviour anomaly,ACC0005133,DEPOSIT,2026-06-29 12:21:06,2026-06-01 11:28:52,Anomaly score 0.777 - top 0.08% of deposit account-months in 2026-06,Top 1% (score >= 0.676),1.15,1.0,23.8,23.8,0.7774,"Largest single credit vs monthly income: 12.6x (typical 0.4x) | External credits vs declared income: 31.5x (typical 0.8x) | Outgoing wires: $164,041 (typical $0)",BEHAVIOUR_ANOMALY
A-00130,RE000165,RULE,R-DEP-02,Rapid movement of funds,ACC0005133,DEPOSIT,2026-06-23 10:09:44,2026-06-18 04:03:34,"$57,421 in, $54,942 (96%) out within 6 days","External credits >= $20,000 within 3 days, and >= 80% debited out within the following 3 days",2.39,1.35,33.7,33.7,,,RAPID_MOVE
A-00130,RE000166,RULE,R-DEP-02,Rapid movement of funds,ACC0005133,DEPOSIT,2026-06-26 18:55:28,2026-06-24 14:55:28,"$49,510 in, $46,798 (95%) out within 3 days","External credits >= $20,000 within 3 days, and >= 80% debited out within the following 3 days",2.36,1.34,33.5,8.38,,,RAPID_MOVE
A-00130,RE000164,RULE,R-DEP-02,Rapid movement of funds,ACC0005133,DEPOSIT,2026-06-13 15:32:54,2026-06-13 13:32:54,"$72,839 in, $65,544 (90%) out within 1 days","External credits >= $20,000 within 3 days, and >= 80% debited out within the following 3 days",2.25,1.31,32.8,8.2,,,RAPID_MOVE
A-00305,ME000171,ML,M-ANOM-DEP,Deposit behaviour anomaly,ACC0005138,DEPOSIT,2026-09-29 18:23:01,2026-09-01 13:44:17,Anomaly score 0.690 - top 0.76% of deposit account-months in 2026-09,Top 1% (score >= 0.676),1.02,1.0,13.6,13.6,0.6902,"Distinct inbound senders: 29 (typical 1) | External credits vs declared income: 12.8x (typical 0.8x) | Outgoing wires: $9,380 (typical $0)",BEHAVIOUR_ANOMALY
A-00305,RE000423,RULE,R-DEP-06,Funnel / many-to-one,ACC0005138,DEPOSIT,2026-09-29 18:23:01,2026-09-01 13:44:17,"28 inbound credits from 28 sources ($11,380), 90% moved out in 2026-09",">= 6 inbound credits from >= 4 distinct sources in a month totalling >= $8,000, with >= 70% moved out",1.42,1.11,33.2,33.2,,,FUNNEL
A-00198,ME000173,ML,M-ANOM-DEP,Deposit behaviour anomaly,ACC0005303,DEPOSIT,2026-07-29 09:31:40,2026-07-01 17:53:02,Anomaly score 0.760 - top 0.16% of deposit account-months in 2026-07,Top 1% (score >= 0.676),1.12,1.0,22.6,22.6,0.7598,"Largest single credit vs monthly income: 10.5x (typical 0.4x) | External credits vs declared income: 11.4x (typical 0.8x) | International wires: $71,957 (typical $0)",BEHAVIOUR_ANOMALY
A-00198,RE000167,RULE,R-DEP-02,Rapid movement of funds,ACC0005303,DEPOSIT,2026-07-04 19:53:19,2026-07-03 14:12:22,"$74,743 in, $66,494 (89%) out within 2 days","External credits >= $20,000 within 3 days, and >= 80% debited out within the following 3 days",2.22,1.31,32.7,32.7,,,RAPID_MOVE
A-00248,ME000174,ML,M-ANOM-DEP,Deposit behaviour anomaly,ACC0005303,DEPOSIT,2026-08-31 15:01:30,2026-08-01 05:05:55,Anomaly score 0.776 - top 0.10% of deposit account-months in 2026-08,Top 1% (score >= 0.676),1.15,1.0,23.4,23.4,0.7755,"External credits vs declared income: 37.9x (typical 0.8x) | Largest single credit vs monthly income: 11.6x (typical 0.4x) | International wires: $383,106 (typical $0)",BEHAVIOUR_ANOMALY
A-00248,RE000169,RULE,R-DEP-02,Rapid movement of funds,ACC0005303,DEPOSIT,2026-08-28 16:27:12,2026-08-24 10:48:15,"$211,814 in, $195,791 (92%) out within 5 days","External credits >= $20,000 within 3 days, and >= 80% debited out within the following 3 days",2.31,1.33,33.2,33.2,,,RAPID_MOVE
A-00248,RE000168,RULE,R-DEP-02,Rapid movement of funds,ACC0005303,DEPOSIT,2026-08-05 18:01:35,2026-08-04 14:01:35,"$38,539 in, $36,056 (94%) out within 2 days","External credits >= $20,000 within 3 days, and >= 80% debited out within the following 3 days",1.93,1.23,30.8,7.7,,,RAPID_MOVE
A-00011,ME000177,ML,M-ANOM-DEP,Deposit behaviour anomaly,ACC0005337,DEPOSIT,2026-04-29 16:51:47,2026-04-01 10:45:13,Anomaly score 0.704 - top 0.54% of deposit account-months in 2026-04,Top 1% (score >= 0.676),1.04,1.0,16.9,16.9,0.7042,"External credits vs declared income: 20.1x (typical 0.8x) | Cash deposited: $133,595 (typical $0) | Cash deposits of $8k-$10k: 11 (typical 0)",BEHAVIOUR_ANOMALY
A-00011,RE000060,RULE,R-DEP-01,Structuring,ACC0005337,DEPOSIT,2026-04-15 16:19:10,2026-04-08 17:18:23,"4 cash deposits $8,282-$9,763 in 7 days (total $36,073)",">=3 cash deposits of $8,000-$9,999 into one account within 7 days",1.33,1.08,32.5,32.5,,,STRUCT
A-00011,RE000061,RULE,R-DEP-01,Structuring,ACC0005337,DEPOSIT,2026-04-22 16:04:07,2026-04-17 14:17:22,"4 cash deposits $8,014-$9,830 in 6 days (total $34,401)",">=3 cash deposits of $8,000-$9,999 into one account within 7 days",1.33,1.08,32.5,8.12,,,STRUCT
A-00077,ME000178,ML,M-ANOM-DEP,Deposit behaviour anomaly,ACC0005337,DEPOSIT,2026-05-31 21:12:55,2026-05-01 10:38:04,Anomaly score 0.709 - top 0.49% of deposit account-months in 2026-05,Top 1% (score >= 0.676),1.05,1.0,17.7,17.7,0.7087,"External credits vs declared income: 20.3x (typical 0.8x) | Cash deposited: $132,294 (typical $0) | Distinct inbound senders: 11 (typical 1)",BEHAVIOUR_ANOMALY
A-00077,RE000062,RULE,R-DEP-01,Structuring,ACC0005337,DEPOSIT,2026-05-03 17:54:15,2026-04-29 16:51:47,"3 cash deposits $8,142-$9,839 in 5 days (total $27,786)",">=3 cash deposits of $8,000-$9,999 into one account within 7 days",1.0,1.0,30.0,30.0,,,STRUCT
A-00077,RE000063,RULE,R-DEP-01,Structuring,ACC0005337,DEPOSIT,2026-05-17 15:14:33,2026-05-10 16:52:32,"3 cash deposits $8,176-$9,541 in 7 days (total $26,157)",">=3 cash deposits of $8,000-$9,999 into one account within 7 days",1.0,1.0,30.0,7.5,,,STRUCT
A-00197,ME000180,ML,M-ANOM-DEP,Deposit behaviour anomaly,ACC0005337,DEPOSIT,2026-07-31 15:00:39,2026-07-01 08:17:50,Anomaly score 0.701 - top 0.60% of deposit account-months in 2026-07,Top 1% (score >= 0.676),1.04,1.0,16.0,16.0,0.7013,"External credits vs declared income: 20.5x (typical 0.8x) | Cash deposited: $134,591 (typical $0) | Distinct inbound senders: 9 (typical 1)",BEHAVIOUR_ANOMALY
A-00197,RE000065,RULE,R-DEP-01,Structuring,ACC0005337,DEPOSIT,2026-07-17 15:09:23,2026-07-10 15:54:28,"4 cash deposits $9,005-$9,984 in 7 days (total $38,902)",">=3 cash deposits of $8,000-$9,999 into one account within 7 days",1.33,1.08,32.5,32.5,,,STRUCT
A-00197,RE000064,RULE,R-DEP-01,Structuring,ACC0005337,DEPOSIT,2026-07-08 15:44:00,2026-07-01 16:14:47,"3 cash deposits $9,552-$9,923 in 7 days (total $29,162)",">=3 cash deposits of $8,000-$9,999 into one account within 7 days",1.0,1.0,30.0,7.5,,,STRUCT
A-00259,ME000181,ML,M-ANOM-DEP,Deposit behaviour anomaly,ACC0005337,DEPOSIT,2026-08-30 19:18:53,2026-08-01 09:55:00,Anomaly score 0.697 - top 0.70% of deposit account-months in 2026-08,Top 1% (score >= 0.676),1.03,1.0,14.5,14.5,0.697,"External credits vs declared income: 18.6x (typical 0.8x) | Cash deposited: $121,780 (typical $0) | Cash deposits of $8k-$10k: 8 (typical 0)",BEHAVIOUR_ANOMALY
A-00259,RE000066,RULE,R-DEP-01,Structuring,ACC0005337,DEPOSIT,2026-08-12 15:33:02,2026-08-05 16:39:35,"3 cash deposits $8,081-$8,715 in 7 days (total $25,000)",">=3 cash deposits of $8,000-$9,999 into one account within 7 days",1.0,1.0,30.0,30.0,,,STRUCT
A-00259,RE000067,RULE,R-DEP-01,Structuring,ACC0005337,DEPOSIT,2026-08-30 15:06:34,2026-08-23 15:09:51,"3 cash deposits $8,991-$9,215 in 7 days (total $27,373)",">=3 cash deposits of $8,000-$9,999 into one account within 7 days",1.0,1.0,30.0,7.5,,,STRUCT
A-00136,RE000309,RULE,R-DEP-05,Cash inconsistent with profile,ACC0005374,DEPOSIT,2026-06-19 16:07:44,2026-06-14 09:25:58,"$20,295 cash in 2026-06 vs expected $190/month (106.8x)","Monthly cash deposits >= $10,000 and >= 3x the party's expected monthly cash",2.03,1.26,25.1,25.1,,,CASH_PROFILE
A-00301,ME000580,ML,M-ANOM-LN,Loan repayment anomaly,ACC0005436,LOAN,2026-09-22 11:00:00,2026-09-13 08:12:50,Anomaly score 0.819 - top 0.20% of loan account-months in 2026-09,Top 1% (score >= 0.670),1.22,1.0,22.0,22.0,0.8195,Extra / payoff vs loan amount: 68% (typical 0%) | Repaid vs scheduled payment: 31.0x (typical 1.0x) | Payments from third parties: 1 (typical 0),BEHAVIOUR_ANOMALY
A-00301,RE000742,RULE,R-LN-01,Early loan payoff / lump sum,ACC0005436,LOAN,2026-09-22 11:00:00,2026-09-22 11:00:00,"Payoff $32,090 on $46,900 loan, 4 months after origination; funded from: third party","Payoff or extra payment >= $10,000 (or >= 25% of loan amount) within 24 months of origination",3.21,1.5,27.0,27.0,,,LN_EARLY_PAYOFF
A-00127,ME000185,ML,M-ANOM-DEP,Deposit behaviour anomaly,ACC0005445,DEPOSIT,2026-06-30 20:27:39,2026-06-02 18:34:54,Anomaly score 0.698 - top 0.68% of deposit account-months in 2026-06,Top 1% (score >= 0.676),1.03,1.0,14.9,14.9,0.6978,"Cash deposits vs expected cash: 149.9x (typical 0.0x) | External credits vs declared income: 9.3x (typical 0.8x) | Cash deposited: $29,990 (typical $0)",BEHAVIOUR_ANOMALY
A-00127,RE000311,RULE,R-DEP-05,Cash inconsistent with profile,ACC0005445,DEPOSIT,2026-06-18 09:58:36,2026-06-10 11:23:32,"$29,990 cash in 2026-06 vs expected $200/month (149.9x)","Monthly cash deposits >= $10,000 and >= 3x the party's expected monthly cash",3.0,1.5,30.0,30.0,,,CASH_PROFILE
A-00188,ME000186,ML,M-ANOM-DEP,Deposit behaviour anomaly,ACC0005445,DEPOSIT,2026-07-31 11:17:31,2026-07-02 10:34:02,Anomaly score 0.684 - top 0.86% of deposit account-months in 2026-07,Top 1% (score >= 0.676),1.01,1.0,12.2,12.2,0.6841,"Cash deposits vs expected cash: 119.4x (typical 0.0x) | External credits vs declared income: 7.6x (typical 0.8x) | Cash deposited: $23,889 (typical $0)",BEHAVIOUR_ANOMALY
A-00188,RE000312,RULE,R-DEP-05,Cash inconsistent with profile,ACC0005445,DEPOSIT,2026-07-18 16:58:35,2026-07-10 13:18:31,"$23,889 cash in 2026-07 vs expected $200/month (119.4x)","Monthly cash deposits >= $10,000 and >= 3x the party's expected monthly cash",2.39,1.35,26.9,26.9,,,CASH_PROFILE
A-00245,ME000187,ML,M-ANOM-DEP,Deposit behaviour anomaly,ACC0005445,DEPOSIT,2026-08-30 16:05:23,2026-08-03 08:50:31,Anomaly score 0.693 - top 0.73% of deposit account-months in 2026-08,Top 1% (score >= 0.676),1.02,1.0,14.0,14.0,0.6926,"Cash deposits vs expected cash: 125.4x (typical 0.0x) | External credits vs declared income: 7.9x (typical 0.8x) | Cash deposited: $25,075 (typical $0)",BEHAVIOUR_ANOMALY
A-00245,RE000313,RULE,R-DEP-05,Cash inconsistent with profile,ACC0005445,DEPOSIT,2026-08-30 16:05:23,2026-08-08 09:54:26,"$25,075 cash in 2026-08 vs expected $200/month (125.4x)","Monthly cash deposits >= $10,000 and >= 3x the party's expected monthly cash",2.51,1.38,27.5,27.5,,,CASH_PROFILE
A-00108,ME000441,ML,M-ANOM-CRD,Card behaviour anomaly,ACC0005464,CARD,2026-05-31 22:14:38,2026-05-01 17:45:35,Anomaly score 0.690 - top 0.49% of card account-months in 2026-05,Top 1% (score >= 0.670),1.03,1.0,17.6,17.6,0.6903,"Number of cash advances: 5 (typical 0) | Cash advances: $2,780 (typical $0) | Spend vs usual month: 2.0x (typical 1.0x)",BEHAVIOUR_ANOMALY
A-00108,RE000523,RULE,R-CRD-01,Cash-advance cycling,ACC0005464,CARD,2026-05-25 15:08:33,2026-05-03 06:23:09,"5 cash advances $2,780, repaid $3,676 in 2026-05 (0 cash payments)",">= 3 cash advances totalling >= $2,500 in a month, repaid (>= 80%) in the same month",1.11,1.03,20.6,20.6,,,CC_CASH_ADV
A-00231,ME000442,ML,M-ANOM-CRD,Card behaviour anomaly,ACC0005464,CARD,2026-07-31 22:00:00,2026-07-04 10:43:02,Anomaly score 0.701 - top 0.27% of card account-months in 2026-07,Top 1% (score >= 0.670),1.05,1.0,21.0,21.0,0.7006,"Cash advances: $3,200 (typical $0) | Number of cash advances: 5 (typical 0) | Spend vs usual month: 0.2x (typical 1.0x)",BEHAVIOUR_ANOMALY
A-00231,RE000524,RULE,R-CRD-01,Cash-advance cycling,ACC0005464,CARD,2026-07-25 16:08:15,2026-07-10 21:02:21,"5 cash advances $3,200, repaid $3,743 in 2026-07 (0 cash payments)",">= 3 cash advances totalling >= $2,500 in a month, repaid (>= 80%) in the same month",1.28,1.07,21.4,21.4,,,CC_CASH_ADV
A-00060,ME000443,ML,M-ANOM-CRD,Card behaviour anomaly,ACC0005491,CARD,2026-05-31 22:00:00,2026-05-01 08:59:16,Anomaly score 0.748 - top 0.05% of card account-months in 2026-05,Top 1% (score >= 0.670),1.12,1.0,24.3,24.3,0.7478,"Gambling / crypto share of spend: 79% (typical 0%) | Purchases vs credit limit: 0.9x (typical 0.2x) | Gambling / crypto spend: $17,868 (typical $0)",BEHAVIOUR_ANOMALY
A-00060,RE000684,RULE,R-CRD-04,High-risk MCC spend,ACC0005491,CARD,2026-05-27 14:05:03,2026-05-01 13:14:00,"$17,868 gambling/crypto spend in 2026-05 (79% of card spend)","Gambling / crypto (MCC 7995, 6051) spend >= $3,000 and >= 30% of card spend in a month",5.96,1.5,22.5,22.5,,,CC_HRMCC
A-00060,RE001028,RULE,R-XP-01,Cash-funded credit paydown (cross-product),ACC0005491,CROSS_PRODUCT,2026-05-24 14:23:26,2026-05-19 10:50:12,"$18,024 cash in over 6 days across 2 account(s); $19,827 paid down on credit (CARD/DEPOSIT)","Party cash-in >= $10,000 (and >= 2x expected cash) within 21 days, with >= 50% used to pay down cards/loans",1.8,1.2,30.0,30.0,,,XP_CASH_TO_CREDIT
A-00118,ME000444,ML,M-ANOM-CRD,Card behaviour anomaly,ACC0005491,CARD,2026-06-30 22:00:00,2026-06-01 21:49:47,Anomaly score 0.751 - top 0.04% of card account-months in 2026-06,Top 1% (score >= 0.670),1.12,1.0,24.4,24.4,0.7505,"Gambling / crypto share of spend: 84% (typical 0%) | Purchases vs credit limit: 0.9x (typical 0.2x) | Gambling / crypto spend: $18,896 (typical $0)",BEHAVIOUR_ANOMALY
A-00118,RE000685,RULE,R-CRD-04,High-risk MCC spend,ACC0005491,CARD,2026-06-28 02:02:28,2026-06-03 03:51:52,"$18,896 gambling/crypto spend in 2026-06 (84% of card spend)","Gambling / crypto (MCC 7995, 6051) spend >= $3,000 and >= 30% of card spend in a month",6.3,1.5,22.5,22.5,,,CC_HRMCC
A-00118,RE001029,RULE,R-XP-01,Cash-funded credit paydown (cross-product),ACC0005491,CROSS_PRODUCT,2026-06-21 09:06:07,2026-06-12 11:01:31,"$19,013 cash in over 7 days across 2 account(s); $21,426 paid down on credit (CARD/DEPOSIT)","Party cash-in >= $10,000 (and >= 2x expected cash) within 21 days, with >= 50% used to pay down cards/loans",1.9,1.23,30.6,30.6,,,XP_CASH_TO_CREDIT
A-00227,RE000686,RULE,R-CRD-04,High-risk MCC spend,ACC0005491,CARD,2026-07-28 20:09:34,2026-07-02 00:50:39,"$7,664 gambling/crypto spend in 2026-07 (64% of card spend)","Gambling / crypto (MCC 7995, 6051) spend >= $3,000 and >= 30% of card spend in a month",2.55,1.39,20.8,20.8,,,CC_HRMCC
A-00060,ME000582,ML,M-ANOM-LN,Loan repayment anomaly,ACC0005492,LOAN,2026-05-04 17:21:14,2026-05-04 17:21:14,Anomaly score 0.676 - top 0.91% of loan account-months in 2026-05,Top 1% (score >= 0.670),1.01,1.0,11.3,11.3,0.6761,Months since origination: 252 (typical 33),BEHAVIOUR_ANOMALY
A-00118,ME000583,ML,M-ANOM-LN,Loan repayment anomaly,ACC0005492,LOAN,2026-06-04 18:43:04,2026-06-04 18:43:04,Anomaly score 0.677 - top 0.90% of loan account-months in 2026-06,Top 1% (score >= 0.670),1.01,1.0,11.5,11.5,0.6765,Months since origination: 253 (typical 33),BEHAVIOUR_ANOMALY
A-00227,ME000584,ML,M-ANOM-LN,Loan repayment anomaly,ACC0005492,LOAN,2026-07-04 15:09:23,2026-07-04 15:09:23,Anomaly score 0.677 - top 0.87% of loan account-months in 2026-07,Top 1% (score >= 0.670),1.01,1.0,12.0,12.0,0.6773,Months since origination: 254 (typical 33),BEHAVIOUR_ANOMALY
A-00006,ME000188,ML,M-ANOM-DEP,Deposit behaviour anomaly,ACC0005493,DEPOSIT,2026-04-30 10:40:05,2026-04-01 08:28:38,Anomaly score 0.732 - top 0.32% of deposit account-months in 2026-04,Top 1% (score >= 0.676),1.08,1.0,20.3,20.3,0.7322,"International wires: $25,746 (typical $0) | Outgoing wires: $25,746 (typical $0) | External credits vs declared income: 7.1x (typical 0.8x)",BEHAVIOUR_ANOMALY
A-00006,RE000252,RULE,R-DEP-03,High-risk geography wire,ACC0005493,DEPOSIT,2026-04-13 10:46:48,2026-04-13 10:46:48,"1 wire(s) totalling $6,367 with YE (largest $6,367)","Any wire >= $5,000 with a high-risk country, or >= 3 high-risk-country wires in a month",1.27,1.07,21.4,21.4,,,HR_WIRE
A-00006,RE000424,RULE,R-DEP-06,Funnel / many-to-one,ACC0005493,DEPOSIT,2026-04-28 00:17:43,2026-04-01 08:28:38,"24 inbound credits from 8 sources ($27,785), 97% moved out in 2026-04",">= 6 inbound credits from >= 4 distinct sources in a month totalling >= $8,000, with >= 70% moved out",2.0,1.25,37.5,37.5,,,FUNNEL
A-00070,ME000189,ML,M-ANOM-DEP,Deposit behaviour anomaly,ACC0005493,DEPOSIT,2026-05-31 21:58:53,2026-05-01 19:01:18,Anomaly score 0.738 - top 0.28% of deposit account-months in 2026-05,Top 1% (score >= 0.676),1.09,1.0,20.9,20.9,0.7378,"International wires: $19,429 (typical $0) | Outgoing wires: $32,775 (typical $0) | External credits vs declared income: 7.7x (typical 0.8x)",BEHAVIOUR_ANOMALY
A-00070,RE000253,RULE,R-DEP-03,High-risk geography wire,ACC0005493,DEPOSIT,2026-05-30 13:42:51,2026-05-09 12:45:23,"3 wire(s) totalling $19,429 with KP, MM, SS (largest $6,550)","Any wire >= $5,000 with a high-risk country, or >= 3 high-risk-country wires in a month",1.31,1.08,21.5,21.5,,,HR_WIRE
A-00070,RE000425,RULE,R-DEP-06,Funnel / many-to-one,ACC0005493,DEPOSIT,2026-05-31 21:58:53,2026-05-02 08:27:43,"24 inbound credits from 6 sources ($29,678), 113% moved out in 2026-05",">= 6 inbound credits from >= 4 distinct sources in a month totalling >= $8,000, with >= 70% moved out",1.5,1.12,33.8,33.8,,,FUNNEL
A-00131,ME000190,ML,M-ANOM-DEP,Deposit behaviour anomaly,ACC0005493,DEPOSIT,2026-06-29 19:43:36,2026-06-02 10:02:17,Anomaly score 0.708 - top 0.50% of deposit account-months in 2026-06,Top 1% (score >= 0.676),1.05,1.0,17.5,17.5,0.7076,"International wires: $18,754 (typical $0) | Outgoing wires: $25,283 (typical $0) | External credits vs declared income: 8.2x (typical 0.8x)",BEHAVIOUR_ANOMALY
A-00131,RE000254,RULE,R-DEP-03,High-risk geography wire,ACC0005493,DEPOSIT,2026-06-29 10:12:26,2026-06-29 10:12:26,"1 wire(s) totalling $6,398 with SY (largest $6,398)","Any wire >= $5,000 with a high-risk country, or >= 3 high-risk-country wires in a month",1.28,1.07,21.4,21.4,,,HR_WIRE
A-00131,RE000426,RULE,R-DEP-06,Funnel / many-to-one,ACC0005493,DEPOSIT,2026-06-29 10:12:26,2026-06-02 15:45:41,"23 inbound credits from 6 sources ($32,613), 79% moved out in 2026-06",">= 6 inbound credits from >= 4 distinct sources in a month totalling >= $8,000, with >= 70% moved out",1.5,1.12,33.8,33.8,,,FUNNEL
A-00190,ME000191,ML,M-ANOM-DEP,Deposit behaviour anomaly,ACC0005493,DEPOSIT,2026-07-30 01:53:20,2026-07-01 18:31:07,Anomaly score 0.713 - top 0.46% of deposit account-months in 2026-07,Top 1% (score >= 0.676),1.05,1.0,18.1,18.1,0.7128,"International wires: $25,789 (typical $0) | Outgoing wires: $25,789 (typical $0) | External credits vs declared income: 7.9x (typical 0.8x)",BEHAVIOUR_ANOMALY
A-00190,RE000255,RULE,R-DEP-03,High-risk geography wire,ACC0005493,DEPOSIT,2026-07-14 10:03:59,2026-07-04 14:33:43,"2 wire(s) totalling $12,743 with MM, SS (largest $6,546)","Any wire >= $5,000 with a high-risk country, or >= 3 high-risk-country wires in a month",1.31,1.08,21.5,21.5,,,HR_WIRE
A-00190,RE000427,RULE,R-DEP-06,Funnel / many-to-one,ACC0005493,DEPOSIT,2026-07-30 01:53:20,2026-07-04 09:49:20,"25 inbound credits from 8 sources ($31,468), 82% moved out in 2026-07",">= 6 inbound credits from >= 4 distinct sources in a month totalling >= $8,000, with >= 70% moved out",2.0,1.25,37.5,37.5,,,FUNNEL
A-00081,ME000193,ML,M-ANOM-DEP,Deposit behaviour anomaly,ACC0005539,DEPOSIT,2026-05-31 15:05:15,2026-05-01 07:48:16,Anomaly score 0.769 - top 0.12% of deposit account-months in 2026-05,Top 1% (score >= 0.676),1.14,1.0,23.2,23.2,0.7689,"Cash deposits vs expected cash: 163.8x (typical 0.0x) | International wires: $17,220 (typical $0) | Outgoing wires: $32,295 (typical $0)",BEHAVIOUR_ANOMALY
A-00081,RE000314,RULE,R-DEP-05,Cash inconsistent with profile,ACC0005539,DEPOSIT,2026-05-31 15:05:15,2026-05-09 15:09:00,"$54,068 cash in 2026-05 vs expected $330/month (163.8x)","Monthly cash deposits >= $10,000 and >= 3x the party's expected monthly cash",5.41,1.5,30.0,30.0,,,CASH_PROFILE
A-00126,ME000194,ML,M-ANOM-DEP,Deposit behaviour anomaly,ACC0005539,DEPOSIT,2026-06-27 11:12:10,2026-06-01 08:33:11,Anomaly score 0.782 - top 0.06% of deposit account-months in 2026-06,Top 1% (score >= 0.676),1.16,1.0,24.1,24.1,0.7822,"Cash deposits vs expected cash: 167.4x (typical 0.0x) | Outgoing wires: $61,872 (typical $0) | International wires: $16,903 (typical $0)",BEHAVIOUR_ANOMALY
A-00126,RE000068,RULE,R-DEP-01,Structuring,ACC0005539,DEPOSIT,2026-06-07 09:42:31,2026-05-31 15:05:15,"3 cash deposits $8,600-$9,825 in 7 days (total $27,278)",">=3 cash deposits of $8,000-$9,999 into one account within 7 days",1.0,1.0,30.0,30.0,,,STRUCT
A-00126,RE000315,RULE,R-DEP-05,Cash inconsistent with profile,ACC0005539,DEPOSIT,2026-06-23 16:13:42,2026-06-05 16:47:43,"$55,250 cash in 2026-06 vs expected $330/month (167.4x)","Monthly cash deposits >= $10,000 and >= 3x the party's expected monthly cash",5.53,1.5,30.0,30.0,,,CASH_PROFILE
A-00112,RE000428,RULE,R-DEP-06,Funnel / many-to-one,ACC0005642,DEPOSIT,2026-05-29 19:55:57,2026-05-01 10:24:05,"7 inbound credits from 7 sources ($8,100), 97% moved out in 2026-05",">= 6 inbound credits from >= 4 distinct sources in a month totalling >= $8,000, with >= 70% moved out",1.01,1.0,30.1,30.1,,,FUNNEL
A-00235,RE000429,RULE,R-DEP-06,Funnel / many-to-one,ACC0005642,DEPOSIT,2026-07-31 07:20:28,2026-07-01 09:13:11,"7 inbound credits from 7 sources ($11,818), 100% moved out in 2026-07",">= 6 inbound credits from >= 4 distinct sources in a month totalling >= $8,000, with >= 70% moved out",1.48,1.12,33.6,33.6,,,FUNNEL
A-00022,ME000195,ML,M-ANOM-DEP,Deposit behaviour anomaly,ACC0005680,DEPOSIT,2026-04-28 16:47:24,2026-04-01 08:33:45,Anomaly score 0.704 - top 0.56% of deposit account-months in 2026-04,Top 1% (score >= 0.676),1.04,1.0,16.6,16.6,0.7037,"Outgoing wires: $188,278 (typical $0) | Largest single credit vs monthly income: 4.6x (typical 0.4x) | External credits vs declared income: 8.0x (typical 0.8x)",BEHAVIOUR_ANOMALY
A-00022,RE000170,RULE,R-DEP-02,Rapid movement of funds,ACC0005680,DEPOSIT,2026-04-05 10:00:00,2026-04-04 10:00:00,"$128,232 in, $125,885 (98%) out within 2 days","External credits >= $20,000 within 3 days, and >= 80% debited out within the following 3 days",2.45,1.36,34.1,34.1,,,RAPID_MOVE
A-00260,ME000589,ML,M-ANOM-LN,Loan repayment anomaly,ACC0005747,LOAN,2026-08-08 11:00:00,2026-08-08 11:00:00,Anomaly score 0.835 - top 0.04% of loan account-months in 2026-08,Top 1% (score >= 0.670),1.25,1.0,24.4,24.4,0.8348,Extra / payoff vs loan amount: 72% (typical 0%) | Repaid vs scheduled payment: 117.5x (typical 1.0x) | Payments from third parties: 1 (typical 0),BEHAVIOUR_ANOMALY
A-00260,RE000738,RULE,R-LN-01,Early loan payoff / lump sum,ACC0005747,LOAN,2026-08-08 11:00:00,2026-08-08 11:00:00,"Payoff $149,952 on $208,300 loan, 5 months after origination; funded from: third party","Payoff or extra payment >= $10,000 (or >= 25% of loan amount) within 24 months of origination",15.0,1.5,27.0,27.0,,,LN_EARLY_PAYOFF
A-00092,ME000197,ML,M-ANOM-DEP,Deposit behaviour anomaly,ACC0005827,DEPOSIT,2026-05-31 16:16:19,2026-05-01 17:04:50,Anomaly score 0.685 - top 0.85% of deposit account-months in 2026-05,Top 1% (score >= 0.676),1.01,1.0,12.3,12.3,0.6853,"Outgoing wires: $63,231 (typical $0) | Incoming wires: $57,335 (typical $0) | Largest single credit vs monthly income: 1.9x (typical 0.4x)",BEHAVIOUR_ANOMALY
A-00092,RE000171,RULE,R-DEP-02,Rapid movement of funds,ACC0005827,DEPOSIT,2026-05-05 10:00:00,2026-05-03 10:00:00,"$57,335 in, $69,731 (122%) out within 3 days","External credits >= $20,000 within 3 days, and >= 80% debited out within the following 3 days",2.87,1.47,36.7,36.7,,,RAPID_MOVE
A-00175,RE000577,RULE,R-CRD-02,Overpayment and credit-balance refund,ACC0005861,CARD,2026-06-19 13:00:00,2026-05-22 18:41:08,"Credit-balance refund $1,523 after 1 payment(s) of $1,659 in prior 30 days","Credit-balance refund >= $1,500 issued after card overpayment",1.02,1.0,22.1,22.1,,,CC_OVERPAY_REFUND
A-00175,RE000691,RULE,R-CRD-04,High-risk MCC spend,ACC0005861,CARD,2026-06-26 11:56:57,2026-06-01 04:42:38,"$3,263 gambling/crypto spend in 2026-06 (59% of card spend)","Gambling / crypto (MCC 7995, 6051) spend >= $3,000 and >= 30% of card spend in a month",1.09,1.02,15.3,15.3,,,CC_HRMCC
A-00014,ME000200,ML,M-ANOM-DEP,Deposit behaviour anomaly,ACC0005879,DEPOSIT,2026-04-30 14:12:59,2026-04-02 09:15:09,Anomaly score 0.724 - top 0.36% of deposit account-months in 2026-04,Top 1% (score >= 0.676),1.07,1.0,19.6,19.6,0.7237,"Largest single credit vs monthly income: 8.2x (typical 0.4x) | Outgoing wires: $113,463 (typical $0) | External credits vs declared income: 9.1x (typical 0.8x)",BEHAVIOUR_ANOMALY
A-00014,RE000172,RULE,R-DEP-02,Rapid movement of funds,ACC0005879,DEPOSIT,2026-04-13 05:58:49,2026-04-11 10:00:00,"$129,772 in, $113,463 (87%) out within 2 days","External credits >= $20,000 within 3 days, and >= 80% debited out within the following 3 days",2.19,1.3,32.4,32.4,,,RAPID_MOVE
A-00148,ME000201,ML,M-ANOM-DEP,Deposit behaviour anomaly,ACC0005879,DEPOSIT,2026-06-30 16:39:05,2026-06-01 18:43:45,Anomaly score 0.703 - top 0.58% of deposit account-months in 2026-06,Top 1% (score >= 0.676),1.04,1.0,16.3,16.3,0.7027,"Outgoing wires: $82,535 (typical $0) | Largest single credit vs monthly income: 5.6x (typical 0.4x) | External credits vs declared income: 6.5x (typical 0.8x)",BEHAVIOUR_ANOMALY
A-00148,RE000173,RULE,R-DEP-02,Rapid movement of funds,ACC0005879,DEPOSIT,2026-06-11 10:00:00,2026-06-08 05:42:36,"$91,089 in, $82,535 (91%) out within 4 days","External credits >= $20,000 within 3 days, and >= 80% debited out within the following 3 days",2.27,1.32,32.9,32.9,,,RAPID_MOVE
A-00074,ME000202,ML,M-ANOM-DEP,Deposit behaviour anomaly,ACC0005886,DEPOSIT,2026-05-25 16:50:14,2026-05-02 08:36:39,Anomaly score 0.767 - top 0.13% of deposit account-months in 2026-05,Top 1% (score >= 0.676),1.13,1.0,23.0,23.0,0.7672,"External credits vs declared income: 14.2x (typical 0.8x) | Largest single credit vs monthly income: 6.8x (typical 0.4x) | Outgoing wires: $87,562 (typical $0)",BEHAVIOUR_ANOMALY
A-00074,RE000174,RULE,R-DEP-02,Rapid movement of funds,ACC0005886,DEPOSIT,2026-05-03 14:03:30,2026-05-03 09:03:30,"$46,502 in, $45,215 (97%) out within 1 days","External credits >= $20,000 within 3 days, and >= 80% debited out within the following 3 days",2.33,1.33,33.3,33.3,,,RAPID_MOVE
A-00074,RE000175,RULE,R-DEP-02,Rapid movement of funds,ACC0005886,DEPOSIT,2026-05-25 16:50:14,2026-05-25 14:50:14,"$44,807 in, $42,347 (95%) out within 1 days","External credits >= $20,000 within 3 days, and >= 80% debited out within the following 3 days",2.24,1.31,32.8,8.2,,,RAPID_MOVE
A-00129,ME000203,ML,M-ANOM-DEP,Deposit behaviour anomaly,ACC0005886,DEPOSIT,2026-06-28 14:59:06,2026-06-01 07:33:23,Anomaly score 0.776 - top 0.09% of deposit account-months in 2026-06,Top 1% (score >= 0.676),1.15,1.0,23.6,23.6,0.7759,"External credits vs declared income: 28.8x (typical 0.8x) | Largest single credit vs monthly income: 11.5x (typical 0.4x) | Outgoing wires: $179,418 (typical $0)",BEHAVIOUR_ANOMALY
A-00129,RE000176,RULE,R-DEP-02,Rapid movement of funds,ACC0005886,DEPOSIT,2026-06-03 15:20:25,2026-06-01 14:20:25,"$52,015 in, $51,374 (99%) out within 3 days","External credits >= $20,000 within 3 days, and >= 80% debited out within the following 3 days",2.47,1.37,34.2,34.2,,,RAPID_MOVE
A-00129,RE000177,RULE,R-DEP-02,Rapid movement of funds,ACC0005886,DEPOSIT,2026-06-14 16:47:59,2026-06-12 11:47:59,"$78,856 in, $74,405 (94%) out within 3 days","External credits >= $20,000 within 3 days, and >= 80% debited out within the following 3 days",2.36,1.34,33.5,8.38,,,RAPID_MOVE
A-00129,RE000178,RULE,R-DEP-02,Rapid movement of funds,ACC0005886,DEPOSIT,2026-06-21 13:47:16,2026-06-19 03:02:09,"$63,383 in, $55,618 (88%) out within 3 days","External credits >= $20,000 within 3 days, and >= 80% debited out within the following 3 days",2.19,1.3,32.5,8.12,,,RAPID_MOVE
A-00145,ME000205,ML,M-ANOM-DEP,Deposit behaviour anomaly,ACC0005904,DEPOSIT,2026-06-30 21:27:10,2026-06-01 11:32:16,Anomaly score 0.702 - top 0.59% of deposit account-months in 2026-06,Top 1% (score >= 0.676),1.04,1.0,16.2,16.2,0.7021,"Outgoing wires: $72,895 (typical $0) | Largest single credit vs monthly income: 4.1x (typical 0.4x) | Incoming wires: $60,044 (typical $0)",BEHAVIOUR_ANOMALY
A-00145,RE000179,RULE,R-DEP-02,Rapid movement of funds,ACC0005904,DEPOSIT,2026-06-03 10:00:00,2026-06-02 10:00:00,"$60,044 in, $59,134 (98%) out within 2 days","External credits >= $20,000 within 3 days, and >= 80% debited out within the following 3 days",2.46,1.37,34.1,34.1,,,RAPID_MOVE
A-00310,ME000447,ML,M-ANOM-CRD,Card behaviour anomaly,ACC0006043,CARD,2026-09-30 22:00:00,2026-09-02 20:01:30,Anomaly score 0.700 - top 0.30% of card account-months in 2026-09,Top 1% (score >= 0.670),1.04,1.0,20.4,20.4,0.6996,"Cash advances: $3,520 (typical $0) | Number of cash advances: 5 (typical 0) | Payments vs credit limit: 1.0x (typical 0.2x)",BEHAVIOUR_ANOMALY
A-00310,RE000529,RULE,R-CRD-01,Cash-advance cycling,ACC0006043,CARD,2026-09-25 17:32:47,2026-09-02 22:42:13,"5 cash advances $3,520, repaid $4,119 in 2026-09 (0 cash payments)",">= 3 cash advances totalling >= $2,500 in a month, repaid (>= 80%) in the same month",1.41,1.1,22.0,22.0,,,CC_CASH_ADV
A-00316,RE000431,RULE,R-DEP-06,Funnel / many-to-one,ACC0006058,DEPOSIT,2026-09-30 09:57:30,2026-09-01 07:04:01,"11 inbound credits from 11 sources ($16,444), 98% moved out in 2026-09",">= 6 inbound credits from >= 4 distinct sources in a month totalling >= $8,000, with >= 70% moved out",2.06,1.26,37.9,37.9,,,FUNNEL
A-00276,ME000448,ML,M-ANOM-CRD,Card behaviour anomaly,ACC0006120,CARD,2026-08-31 22:00:00,2026-08-04 17:38:05,Anomaly score 0.713 - top 0.17% of card account-months in 2026-08,Top 1% (score >= 0.670),1.06,1.0,22.5,22.5,0.7127,"Cash advances: $2,980 (typical $0) | Number of cash advances: 5 (typical 0) | Gambling / crypto share of spend: 68% (typical 0%)",BEHAVIOUR_ANOMALY
A-00276,RE000531,RULE,R-CRD-01,Cash-advance cycling,ACC0006120,CARD,2026-08-25 19:40:57,2026-08-04 17:38:05,"5 cash advances $2,980, repaid $5,910 in 2026-08 (0 cash payments)",">= 3 cash advances totalling >= $2,500 in a month, repaid (>= 80%) in the same month",1.19,1.05,21.0,21.0,,,CC_CASH_ADV
A-00094,ME000208,ML,M-ANOM-DEP,Deposit behaviour anomaly,ACC0006159,DEPOSIT,2026-05-28 16:52:23,2026-05-01 12:48:28,Anomaly score 0.687 - top 0.83% of deposit account-months in 2026-05,Top 1% (score >= 0.676),1.02,1.0,12.6,12.6,0.6868,"Outgoing wires: $86,011 (typical $0) | Largest single credit vs monthly income: 3.8x (typical 0.4x) | Incoming wires: $86,088 (typical $0)",BEHAVIOUR_ANOMALY
A-00094,RE000180,RULE,R-DEP-02,Rapid movement of funds,ACC0006159,DEPOSIT,2026-05-22 14:33:31,2026-05-20 10:00:00,"$86,088 in, $92,477 (107%) out within 3 days","External credits >= $20,000 within 3 days, and >= 80% debited out within the following 3 days",2.69,1.42,35.5,35.5,,,RAPID_MOVE
A-00147,ME000209,ML,M-ANOM-DEP,Deposit behaviour anomaly,ACC0006159,DEPOSIT,2026-06-28 18:18:40,2026-06-01 09:13:34,Anomaly score 0.698 - top 0.67% of deposit account-months in 2026-06,Top 1% (score >= 0.676),1.03,1.0,14.9,14.9,0.6981,"Outgoing wires: $106,654 (typical $0) | Largest single credit vs monthly income: 4.2x (typical 0.4x) | Incoming wires: $95,498 (typical $0)",BEHAVIOUR_ANOMALY
A-00147,RE000181,RULE,R-DEP-02,Rapid movement of funds,ACC0006159,DEPOSIT,2026-06-15 10:00:00,2026-06-11 02:18:10,"$104,168 in, $106,654 (102%) out within 5 days","External credits >= $20,000 within 3 days, and >= 80% debited out within the following 3 days",2.56,1.39,34.7,34.7,,,RAPID_MOVE
A-00009,ME000210,ML,M-ANOM-DEP,Deposit behaviour anomaly,ACC0006162,DEPOSIT,2026-04-30 17:46:26,2026-04-01 10:11:48,Anomaly score 0.748 - top 0.20% of deposit account-months in 2026-04,Top 1% (score >= 0.676),1.11,1.0,22.0,22.0,0.7483,"Largest single credit vs monthly income: 11.1x (typical 0.4x) | External credits vs declared income: 15.7x (typical 0.8x) | Outgoing wires: $169,797 (typical $0)",BEHAVIOUR_ANOMALY
A-00009,RE000182,RULE,R-DEP-02,Rapid movement of funds,ACC0006162,DEPOSIT,2026-04-06 10:00:00,2026-04-04 10:00:00,"$137,969 in, $126,513 (92%) out within 3 days","External credits >= $20,000 within 3 days, and >= 80% debited out within the following 3 days",2.29,1.32,33.1,33.1,,,RAPID_MOVE
A-00009,RE000183,RULE,R-DEP-02,Rapid movement of funds,ACC0006162,DEPOSIT,2026-04-18 02:41:54,2026-04-16 10:00:00,"$45,888 in, $44,066 (96%) out within 2 days","External credits >= $20,000 within 3 days, and >= 80% debited out within the following 3 days",2.29,1.32,33.1,8.28,,,RAPID_MOVE
A-00021,ME000211,ML,M-ANOM-DEP,Deposit behaviour anomaly,ACC0006177,DEPOSIT,2026-04-30 12:40:17,2026-04-01 07:35:11,Anomaly score 0.690 - top 0.76% of deposit account-months in 2026-04,Top 1% (score >= 0.676),1.02,1.0,13.6,13.6,0.6897,"External credits vs declared income: 11.9x (typical 0.8x) | Cash deposited: $118,248 (typical $0) | States where cash was deposited: 1 (typical 0)",BEHAVIOUR_ANOMALY
A-00021,RE000069,RULE,R-DEP-01,Structuring,ACC0006177,DEPOSIT,2026-04-12 16:54:58,2026-04-05 17:15:54,"3 cash deposits $9,174-$9,701 in 7 days (total $28,070)",">=3 cash deposits of $8,000-$9,999 into one account within 7 days",1.0,1.0,30.0,30.0,,,STRUCT
A-00021,RE000070,RULE,R-DEP-01,Structuring,ACC0006177,DEPOSIT,2026-04-19 16:00:11,2026-04-15 15:18:29,"3 cash deposits $8,067-$9,496 in 5 days (total $26,205)",">=3 cash deposits of $8,000-$9,999 into one account within 7 days",1.0,1.0,30.0,7.5,,,STRUCT
A-00082,ME000212,ML,M-ANOM-DEP,Deposit behaviour anomaly,ACC0006177,DEPOSIT,2026-05-31 16:48:40,2026-05-01 12:23:15,Anomaly score 0.699 - top 0.65% of deposit account-months in 2026-05,Top 1% (score >= 0.676),1.03,1.0,15.3,15.3,0.6989,"External credits vs declared income: 13.2x (typical 0.8x) | Cash deposited: $129,958 (typical $0) | Distinct inbound senders: 11 (typical 1)",BEHAVIOUR_ANOMALY
A-00082,RE000071,RULE,R-DEP-01,Structuring,ACC0006177,DEPOSIT,2026-05-01 15:39:40,2026-04-24 15:43:00,"3 cash deposits $8,634-$9,174 in 7 days (total $26,655)",">=3 cash deposits of $8,000-$9,999 into one account within 7 days",1.0,1.0,30.0,30.0,,,STRUCT
A-00082,RE000072,RULE,R-DEP-01,Structuring,ACC0006177,DEPOSIT,2026-05-24 17:41:00,2026-05-20 17:54:41,"3 cash deposits $8,051-$9,024 in 4 days (total $25,862)",">=3 cash deposits of $8,000-$9,999 into one account within 7 days",1.0,1.0,30.0,7.5,,,STRUCT
A-00211,ME000213,ML,M-ANOM-DEP,Deposit behaviour anomaly,ACC0006177,DEPOSIT,2026-07-31 17:35:42,2026-07-01 07:31:24,Anomaly score 0.677 - top 0.99% of deposit account-months in 2026-07,Top 1% (score >= 0.676),1.0,1.0,10.1,10.1,0.6771,"External credits vs declared income: 13.2x (typical 0.8x) | Cash deposited: $131,764 (typical $0) | Cash deposits of $8k-$10k: 10 (typical 0)",BEHAVIOUR_ANOMALY
A-00211,RE000073,RULE,R-DEP-01,Structuring,ACC0006177,DEPOSIT,2026-07-17 15:21:07,2026-07-10 16:53:39,"3 cash deposits $8,927-$9,343 in 7 days (total $27,419)",">=3 cash deposits of $8,000-$9,999 into one account within 7 days",1.0,1.0,30.0,30.0,,,STRUCT
A-00211,RE000074,RULE,R-DEP-01,Structuring,ACC0006177,DEPOSIT,2026-07-24 16:05:48,2026-07-19 16:09:33,"3 cash deposits $8,070-$9,399 in 5 days (total $26,058)",">=3 cash deposits of $8,000-$9,999 into one account within 7 days",1.0,1.0,30.0,7.5,,,STRUCT
A-00250,ME000214,ML,M-ANOM-DEP,Deposit behaviour anomaly,ACC0006177,DEPOSIT,2026-08-31 21:00:08,2026-08-01 15:12:30,Anomaly score 0.685 - top 0.85% of deposit account-months in 2026-08,Top 1% (score >= 0.676),1.01,1.0,12.3,12.3,0.685,"External credits vs declared income: 13.5x (typical 0.8x) | Cash deposited: $132,700 (typical $0) | Cash deposits of $8k-$10k: 9 (typical 0)",BEHAVIOUR_ANOMALY
A-00250,RE000076,RULE,R-DEP-01,Structuring,ACC0006177,DEPOSIT,2026-08-14 17:32:33,2026-08-09 15:04:02,"4 cash deposits $8,361-$9,440 in 6 days (total $35,317)",">=3 cash deposits of $8,000-$9,999 into one account within 7 days",1.33,1.08,32.5,32.5,,,STRUCT
A-00250,RE000075,RULE,R-DEP-01,Structuring,ACC0006177,DEPOSIT,2026-08-05 15:44:53,2026-07-29 16:29:02,"3 cash deposits $8,276-$9,793 in 7 days (total $27,733)",">=3 cash deposits of $8,000-$9,999 into one account within 7 days",1.0,1.0,30.0,7.5,,,STRUCT
A-00250,RE000077,RULE,R-DEP-01,Structuring,ACC0006177,DEPOSIT,2026-08-26 15:23:19,2026-08-19 17:29:27,"3 cash deposits $8,348-$9,441 in 7 days (total $27,118)",">=3 cash deposits of $8,000-$9,999 into one account within 7 days",1.0,1.0,30.0,7.5,,,STRUCT
A-00303,RE000078,RULE,R-DEP-01,Structuring,ACC0006177,DEPOSIT,2026-09-06 15:02:50,2026-08-30 17:55:13,"4 cash deposits $8,363-$9,257 in 7 days (total $35,109)",">=3 cash deposits of $8,000-$9,999 into one account within 7 days",1.33,1.08,32.5,32.5,,,STRUCT
A-00303,RE000080,RULE,R-DEP-01,Structuring,ACC0006177,DEPOSIT,2026-09-30 15:50:29,2026-09-23 17:43:28,"4 cash deposits $8,126-$9,613 in 7 days (total $35,103)",">=3 cash deposits of $8,000-$9,999 into one account within 7 days",1.33,1.08,32.5,8.12,,,STRUCT
A-00303,RE000079,RULE,R-DEP-01,Structuring,ACC0006177,DEPOSIT,2026-09-20 15:27:57,2026-09-16 16:05:04,"3 cash deposits $8,473-$9,193 in 4 days (total $26,269)",">=3 cash deposits of $8,000-$9,999 into one account within 7 days",1.0,1.0,30.0,7.5,,,STRUCT
A-00044,ME000215,ML,M-ANOM-DEP,Deposit behaviour anomaly,ACC0006235,DEPOSIT,2026-04-27 12:25:51,2026-04-01 10:20:34,Anomaly score 0.722 - top 0.38% of deposit account-months in 2026-04,Top 1% (score >= 0.676),1.07,1.0,19.3,19.3,0.7223,"International wires: $5,819 (typical $0) | Share of credits moved straight out: 159% (typical 7%) | Outgoing wires: $5,819 (typical $0)",BEHAVIOUR_ANOMALY
A-00044,RE000257,RULE,R-DEP-03,High-risk geography wire,ACC0006235,DEPOSIT,2026-04-11 10:51:34,2026-04-11 10:51:34,"1 wire(s) totalling $5,819 with VE (largest $5,819)","Any wire >= $5,000 with a high-risk country, or >= 3 high-risk-country wires in a month",1.16,1.04,20.8,20.8,,,HR_WIRE
A-00309,ME000217,ML,M-ANOM-DEP,Deposit behaviour anomaly,ACC0006235,DEPOSIT,2026-09-29 15:01:22,2026-09-01 12:44:49,Anomaly score 0.699 - top 0.66% of deposit account-months in 2026-09,Top 1% (score >= 0.676),1.03,1.0,15.1,15.1,0.6987,"Share of credits moved straight out: 300% (typical 7%) | Outgoing wires: $13,180 (typical $0) | International wires: $13,180 (typical $0)",BEHAVIOUR_ANOMALY
A-00309,RE000258,RULE,R-DEP-03,High-risk geography wire,ACC0006235,DEPOSIT,2026-09-10 12:57:15,2026-09-10 12:57:15,"1 wire(s) totalling $13,180 with VE (largest $13,180)","Any wire >= $5,000 with a high-risk country, or >= 3 high-risk-country wires in a month",2.64,1.41,28.2,28.2,,,HR_WIRE
A-00088,ME000219,ML,M-ANOM-DEP,Deposit behaviour anomaly,ACC0006410,DEPOSIT,2026-05-31 14:17:06,2026-05-01 16:07:58,Anomaly score 0.707 - top 0.51% of deposit account-months in 2026-05,Top 1% (score >= 0.676),1.05,1.0,17.3,17.3,0.7068,"Outgoing wires: $100,094 (typical $0) | Largest single credit vs monthly income: 7.3x (typical 0.4x) | External credits vs declared income: 8.2x (typical 0.8x)",BEHAVIOUR_ANOMALY
A-00088,RE000184,RULE,R-DEP-02,Rapid movement of funds,ACC0006410,DEPOSIT,2026-05-15 10:00:00,2026-05-13 10:00:00,"$108,851 in, $100,094 (92%) out within 3 days","External credits >= $20,000 within 3 days, and >= 80% debited out within the following 3 days",2.3,1.32,33.1,33.1,,,RAPID_MOVE
A-00159,ME000224,ML,M-ANOM-DEP,Deposit behaviour anomaly,ACC0006559,DEPOSIT,2026-06-30 13:57:02,2026-06-02 13:47:33,Anomaly score 0.684 - top 0.87% of deposit account-months in 2026-06,Top 1% (score >= 0.676),1.01,1.0,11.9,11.9,0.6838,"Outgoing wires: $70,752 (typical $0) | Largest single credit vs monthly income: 3.6x (typical 0.4x) | Incoming wires: $70,885 (typical $0)",BEHAVIOUR_ANOMALY
A-00159,RE000185,RULE,R-DEP-02,Rapid movement of funds,ACC0006559,DEPOSIT,2026-06-19 10:00:00,2026-06-18 10:00:00,"$70,885 in, $70,752 (100%) out within 2 days","External credits >= $20,000 within 3 days, and >= 80% debited out within the following 3 days",2.5,1.37,34.3,34.3,,,RAPID_MOVE
A-00076,ME000225,ML,M-ANOM-DEP,Deposit behaviour anomaly,ACC0006572,DEPOSIT,2026-05-31 21:07:57,2026-05-01 11:15:05,Anomaly score 0.697 - top 0.69% of deposit account-months in 2026-05,Top 1% (score >= 0.676),1.03,1.0,14.7,14.7,0.6973,"Outgoing wires: $147,432 (typical $0) | Largest single credit vs monthly income: 3.8x (typical 0.4x) | External credits vs declared income: 6.3x (typical 0.8x)",BEHAVIOUR_ANOMALY
A-00076,RE000187,RULE,R-DEP-02,Rapid movement of funds,ACC0006572,DEPOSIT,2026-05-19 09:37:56,2026-05-17 10:00:00,"$101,320 in, $102,071 (101%) out within 2 days","External credits >= $20,000 within 3 days, and >= 80% debited out within the following 3 days",2.52,1.38,34.5,34.5,,,RAPID_MOVE
A-00076,RE000186,RULE,R-DEP-02,Rapid movement of funds,ACC0006572,DEPOSIT,2026-05-06 13:51:43,2026-05-04 10:00:00,"$47,462 in, $47,392 (100%) out within 3 days","External credits >= $20,000 within 3 days, and >= 80% debited out within the following 3 days",2.37,1.34,33.6,8.4,,,RAPID_MOVE
A-00281,ME000453,ML,M-ANOM-CRD,Card behaviour anomaly,ACC0006585,CARD,2026-08-31 22:40:24,2026-08-04 10:41:09,Anomaly score 0.693 - top 0.43% of card account-months in 2026-08,Top 1% (score >= 0.670),1.04,1.0,18.5,18.5,0.6934,"Cash advances: $3,580 (typical $0) | Number of cash advances: 5 (typical 0) | Payments vs credit limit: 0.9x (typical 0.2x)",BEHAVIOUR_ANOMALY
A-00281,RE000534,RULE,R-CRD-01,Cash-advance cycling,ACC0006585,CARD,2026-08-25 19:52:52,2026-08-04 10:41:09,"5 cash advances $3,580, repaid $5,523 in 2026-08 (0 cash payments)",">= 3 cash advances totalling >= $2,500 in a month, repaid (>= 80%) in the same month",1.43,1.11,22.2,22.2,,,CC_CASH_ADV
A-00318,ME000454,ML,M-ANOM-CRD,Card behaviour anomaly,ACC0006585,CARD,2026-09-30 22:00:00,2026-09-01 14:35:21,Anomaly score 0.684 - top 0.59% of card account-months in 2026-09,Top 1% (score >= 0.670),1.02,1.0,16.2,16.2,0.6835,"Cash advances: $2,960 (typical $0) | Number of cash advances: 5 (typical 0) | Payments vs credit limit: 0.7x (typical 0.2x)",BEHAVIOUR_ANOMALY
A-00318,RE000535,RULE,R-CRD-01,Cash-advance cycling,ACC0006585,CARD,2026-09-25 19:25:26,2026-09-04 09:14:13,"5 cash advances $2,960, repaid $4,409 in 2026-09 (0 cash payments)",">= 3 cash advances totalling >= $2,500 in a month, repaid (>= 80%) in the same month",1.18,1.05,20.9,20.9,,,CC_CASH_ADV
A-00173,RE000573,RULE,R-CRD-02,Overpayment and credit-balance refund,ACC0006588,CARD,2026-06-13 13:00:00,2026-05-21 12:23:26,"Credit-balance refund $1,714 after 1 payment(s) of $2,376 in prior 30 days","Credit-balance refund >= $1,500 issued after card overpayment",1.14,1.04,22.8,22.8,,,CC_OVERPAY_REFUND
A-00173,RE000696,RULE,R-CRD-04,High-risk MCC spend,ACC0006588,CARD,2026-06-29 09:32:57,2026-06-03 03:29:58,"$3,592 gambling/crypto spend in 2026-06 (57% of card spend)","Gambling / crypto (MCC 7995, 6051) spend >= $3,000 and >= 30% of card spend in a month",1.2,1.05,15.7,15.7,,,CC_HRMCC
A-00239,ME000226,ML,M-ANOM-DEP,Deposit behaviour anomaly,ACC0006597,DEPOSIT,2026-07-31 10:26:45,2026-07-01 12:24:31,Anomaly score 0.682 - top 0.90% of deposit account-months in 2026-07,Top 1% (score >= 0.676),1.01,1.0,11.5,11.5,0.6824,"Cash deposits vs expected cash: 36.2x (typical 0.0x) | Outgoing wires: $6,829 (typical $0) | Cash deposited: $17,005 (typical $0)",BEHAVIOUR_ANOMALY
A-00239,RE000316,RULE,R-DEP-05,Cash inconsistent with profile,ACC0006597,DEPOSIT,2026-07-30 10:38:53,2026-07-07 12:08:37,"$17,005 cash in 2026-07 vs expected $470/month (36.2x)","Monthly cash deposits >= $10,000 and >= 3x the party's expected monthly cash",1.7,1.18,23.5,23.5,,,CASH_PROFILE
A-00288,ME000227,ML,M-ANOM-DEP,Deposit behaviour anomaly,ACC0006597,DEPOSIT,2026-08-31 18:18:56,2026-08-01 18:28:45,Anomaly score 0.694 - top 0.72% of deposit account-months in 2026-08,Top 1% (score >= 0.676),1.03,1.0,14.1,14.1,0.6937,"Cash deposits vs expected cash: 36.9x (typical 0.0x) | Outgoing wires: $3,181 (typical $0) | Cash deposited: $17,341 (typical $0)",BEHAVIOUR_ANOMALY
A-00288,RE000317,RULE,R-DEP-05,Cash inconsistent with profile,ACC0006597,DEPOSIT,2026-08-13 10:49:45,2026-08-03 09:00:47,"$17,341 cash in 2026-08 vs expected $470/month (36.9x)","Monthly cash deposits >= $10,000 and >= 3x the party's expected monthly cash",1.73,1.18,23.7,23.7,,,CASH_PROFILE
A-00312,ME000230,ML,M-ANOM-DEP,Deposit behaviour anomaly,ACC0006620,DEPOSIT,2026-09-29 10:47:16,2026-09-02 15:36:13,Anomaly score 0.699 - top 0.67% of deposit account-months in 2026-09,Top 1% (score >= 0.676),1.03,1.0,15.0,15.0,0.6985,"Share of credits moved straight out: 300% (typical 7%) | International wires: $11,251 (typical $0) | Outgoing wires: $11,251 (typical $0)",BEHAVIOUR_ANOMALY
A-00312,RE000259,RULE,R-DEP-03,High-risk geography wire,ACC0006620,DEPOSIT,2026-09-26 13:31:48,2026-09-26 13:31:48,"1 wire(s) totalling $11,251 with HT (largest $11,251)","Any wire >= $5,000 with a high-risk country, or >= 3 high-risk-country wires in a month",2.25,1.31,26.3,26.3,,,HR_WIRE
A-00018,ME000231,ML,M-ANOM-DEP,Deposit behaviour anomaly,ACC0006627,DEPOSIT,2026-04-30 18:34:54,2026-04-01 08:56:45,Anomaly score 0.722 - top 0.39% of deposit account-months in 2026-04,Top 1% (score >= 0.676),1.07,1.0,19.2,19.2,0.7216,"Outgoing wires: $95,666 (typical $0) | Largest single credit vs monthly income: 4.6x (typical 0.4x) | External credits vs declared income: 5.4x (typical 0.8x)",BEHAVIOUR_ANOMALY
A-00018,RE000188,RULE,R-DEP-02,Rapid movement of funds,ACC0006627,DEPOSIT,2026-04-19 10:00:00,2026-04-18 10:00:00,"$97,827 in, $84,324 (86%) out within 2 days","External credits >= $20,000 within 3 days, and >= 80% debited out within the following 3 days",2.15,1.29,32.2,32.2,,,RAPID_MOVE
A-00261,ME000232,ML,M-ANOM-DEP,Deposit behaviour anomaly,ACC0006627,DEPOSIT,2026-08-31 18:56:42,2026-08-01 13:42:59,Anomaly score 0.705 - top 0.53% of deposit account-months in 2026-08,Top 1% (score >= 0.676),1.04,1.0,17.0,17.0,0.7053,"Outgoing wires: $132,019 (typical $0) | Largest single credit vs monthly income: 6.3x (typical 0.4x) | External credits vs declared income: 7.6x (typical 0.8x)",BEHAVIOUR_ANOMALY
A-00261,RE000189,RULE,R-DEP-02,Rapid movement of funds,ACC0006627,DEPOSIT,2026-08-21 10:00:00,2026-08-19 10:00:00,"$134,369 in, $132,019 (98%) out within 3 days","External credits >= $20,000 within 3 days, and >= 80% debited out within the following 3 days",2.46,1.36,34.1,34.1,,,RAPID_MOVE
A-00221,ME000234,ML,M-ANOM-DEP,Deposit behaviour anomaly,ACC0006723,DEPOSIT,2026-07-31 21:38:53,2026-07-01 17:12:44,Anomaly score 0.798 - top 0.03% of deposit account-months in 2026-07,Top 1% (score >= 0.676),1.18,1.0,24.6,24.6,0.7977,"Largest single credit vs monthly income: 49.7x (typical 0.4x) | External credits vs declared income: 50.7x (typical 0.8x) | Outgoing wires: $125,992 (typical $0)",BEHAVIOUR_ANOMALY
A-00221,RE000260,RULE,R-DEP-03,High-risk geography wire,ACC0006723,DEPOSIT,2026-07-09 11:58:06,2026-07-09 11:58:06,"1 wire(s) totalling $5,049 with HT (largest $5,049)","Any wire >= $5,000 with a high-risk country, or >= 3 high-risk-country wires in a month",1.01,1.0,20.0,20.0,,,HR_WIRE
A-00156,ME000235,ML,M-ANOM-DEP,Deposit behaviour anomaly,ACC0006726,DEPOSIT,2026-06-29 11:40:50,2026-06-01 12:23:44,Anomaly score 0.692 - top 0.74% of deposit account-months in 2026-06,Top 1% (score >= 0.676),1.02,1.0,13.8,13.8,0.6921,"Outgoing wires: $113,845 (typical $0) | Largest single credit vs monthly income: 4.3x (typical 0.4x) | Incoming wires: $127,979 (typical $0)",BEHAVIOUR_ANOMALY
A-00156,RE000190,RULE,R-DEP-02,Rapid movement of funds,ACC0006726,DEPOSIT,2026-06-20 10:00:00,2026-06-18 10:00:00,"$127,979 in, $126,085 (99%) out within 3 days","External credits >= $20,000 within 3 days, and >= 80% debited out within the following 3 days",2.46,1.37,34.1,34.1,,,RAPID_MOVE
A-00104,ME000237,ML,M-ANOM-DEP,Deposit behaviour anomaly,ACC0006743,DEPOSIT,2026-05-31 18:54:10,2026-05-01 17:25:22,Anomaly score 0.684 - top 0.88% of deposit account-months in 2026-05,Top 1% (score >= 0.676),1.01,1.0,11.8,11.8,0.6835,"External credits vs declared income: 21.4x (typical 0.8x) | Cash deposited: $127,711 (typical $0) | Largest single credit vs monthly income: 1.7x (typical 0.4x)",BEHAVIOUR_ANOMALY
A-00104,RE000081,RULE,R-DEP-01,Structuring,ACC0006743,DEPOSIT,2026-05-15 15:44:51,2026-05-08 17:04:27,"3 cash deposits $8,218-$9,178 in 7 days (total $25,886)",">=3 cash deposits of $8,000-$9,999 into one account within 7 days",1.0,1.0,30.0,30.0,,,STRUCT
A-00158,ME000238,ML,M-ANOM-DEP,Deposit behaviour anomaly,ACC0006743,DEPOSIT,2026-06-30 18:43:42,2026-06-01 10:10:35,Anomaly score 0.704 - top 0.56% of deposit account-months in 2026-06,Top 1% (score >= 0.676),1.04,1.0,16.7,16.7,0.7038,"External credits vs declared income: 19.1x (typical 0.8x) | Cash deposited: $112,292 (typical $0) | Distinct inbound senders: 10 (typical 1)",BEHAVIOUR_ANOMALY
A-00158,RE000082,RULE,R-DEP-01,Structuring,ACC0006743,DEPOSIT,2026-06-05 15:38:36,2026-05-31 16:54:37,"3 cash deposits $8,647-$9,171 in 5 days (total $26,816)",">=3 cash deposits of $8,000-$9,999 into one account within 7 days",1.0,1.0,30.0,30.0,,,STRUCT
A-00216,ME000239,ML,M-ANOM-DEP,Deposit behaviour anomaly,ACC0006743,DEPOSIT,2026-07-31 18:29:00,2026-07-01 07:05:20,Anomaly score 0.701 - top 0.61% of deposit account-months in 2026-07,Top 1% (score >= 0.676),1.04,1.0,15.9,15.9,0.7012,"External credits vs declared income: 22.6x (typical 0.8x) | Cash deposited: $136,629 (typical $0) | Largest single credit vs monthly income: 1.7x (typical 0.4x)",BEHAVIOUR_ANOMALY
A-00216,RE000083,RULE,R-DEP-01,Structuring,ACC0006743,DEPOSIT,2026-07-29 15:00:55,2026-07-22 15:55:00,"3 cash deposits $8,743-$9,344 in 7 days (total $27,136)",">=3 cash deposits of $8,000-$9,999 into one account within 7 days",1.0,1.0,30.0,30.0,,,STRUCT
A-00254,ME000240,ML,M-ANOM-DEP,Deposit behaviour anomaly,ACC0006743,DEPOSIT,2026-08-30 16:18:01,2026-08-01 16:17:14,Anomaly score 0.690 - top 0.75% of deposit account-months in 2026-08,Top 1% (score >= 0.676),1.02,1.0,13.7,13.7,0.6903,"External credits vs declared income: 20.8x (typical 0.8x) | Cash deposited: $124,341 (typical $0) | Largest single credit vs monthly income: 1.7x (typical 0.4x)",BEHAVIOUR_ANOMALY
A-00254,RE000085,RULE,R-DEP-01,Structuring,ACC0006743,DEPOSIT,2026-08-19 15:44:53,2026-08-12 16:45:20,"4 cash deposits $8,557-$9,480 in 7 days (total $36,467)",">=3 cash deposits of $8,000-$9,999 into one account within 7 days",1.33,1.08,32.5,32.5,,,STRUCT
A-00254,RE000084,RULE,R-DEP-01,Structuring,ACC0006743,DEPOSIT,2026-08-05 15:18:15,2026-07-31 15:57:42,"3 cash deposits $8,229-$9,217 in 5 days (total $25,744)",">=3 cash deposits of $8,000-$9,999 into one account within 7 days",1.0,1.0,30.0,7.5,,,STRUCT
A-00313,ME000241,ML,M-ANOM-DEP,Deposit behaviour anomaly,ACC0006743,DEPOSIT,2026-09-30 19:46:46,2026-09-01 08:40:54,Anomaly score 0.680 - top 0.95% of deposit account-months in 2026-09,Top 1% (score >= 0.676),1.0,1.0,10.8,10.8,0.6796,"External credits vs declared income: 19.0x (typical 0.8x) | Cash deposited: $114,109 (typical $0) | States where cash was deposited: 1 (typical 0)",BEHAVIOUR_ANOMALY
A-00313,RE000086,RULE,R-DEP-01,Structuring,ACC0006743,DEPOSIT,2026-09-02 16:48:40,2026-08-26 17:49:12,"3 cash deposits $8,093-$9,396 in 7 days (total $25,961)",">=3 cash deposits of $8,000-$9,999 into one account within 7 days",1.0,1.0,30.0,30.0,,,STRUCT
A-00087,ME000594,ML,M-ANOM-LN,Loan repayment anomaly,ACC0006965,LOAN,2026-05-18 11:00:00,2026-05-08 15:38:15,Anomaly score 0.829 - top 0.09% of loan account-months in 2026-05,Top 1% (score >= 0.670),1.24,1.0,23.7,23.7,0.8293,Extra / payoff vs loan amount: 87% (typical 0%) | Repaid vs scheduled payment: 46.2x (typical 1.0x) | Payments from third parties: 1 (typical 0),BEHAVIOUR_ANOMALY
A-00087,RE000734,RULE,R-LN-01,Early loan payoff / lump sum,ACC0006965,LOAN,2026-05-18 11:00:00,2026-05-18 11:00:00,"Payoff $31,652 on $36,300 loan, 19 months after origination; funded from: third party","Payoff or extra payment >= $10,000 (or >= 25% of loan amount) within 24 months of origination",3.49,1.5,27.0,27.0,,,LN_EARLY_PAYOFF
A-00215,ME000245,ML,M-ANOM-DEP,Deposit behaviour anomaly,ACC0007016,DEPOSIT,2026-07-30 18:40:20,2026-07-02 18:47:17,Anomaly score 0.695 - top 0.72% of deposit account-months in 2026-07,Top 1% (score >= 0.676),1.03,1.0,14.3,14.3,0.6949,"Outgoing wires: $123,367 (typical $0) | Largest single credit vs monthly income: 4.5x (typical 0.4x) | External credits vs declared income: 5.3x (typical 0.8x)",BEHAVIOUR_ANOMALY
A-00215,RE000191,RULE,R-DEP-02,Rapid movement of funds,ACC0007016,DEPOSIT,2026-07-07 10:00:00,2026-07-05 10:00:00,"$149,239 in, $123,367 (83%) out within 3 days","External credits >= $20,000 within 3 days, and >= 80% debited out within the following 3 days",2.07,1.27,31.7,31.7,,,RAPID_MOVE
A-00298,ME000246,ML,M-ANOM-DEP,Deposit behaviour anomaly,ACC0007026,DEPOSIT,2026-09-30 14:28:42,2026-09-01 13:37:04,Anomaly score 0.738 - top 0.28% of deposit account-months in 2026-09,Top 1% (score >= 0.676),1.09,1.0,20.8,20.8,0.7376,"Largest single credit vs monthly income: 28.7x (typical 0.4x) | External credits vs declared income: 29.7x (typical 0.8x) | Outgoing wires: $45,136 (typical $0)",BEHAVIOUR_ANOMALY
A-00298,RE000192,RULE,R-DEP-02,Rapid movement of funds,ACC0007026,DEPOSIT,2026-09-21 11:00:00,2026-09-18 11:00:00,"$52,536 in, $45,136 (86%) out within 4 days","External credits >= $20,000 within 3 days, and >= 80% debited out within the following 3 days",2.15,1.29,32.2,32.2,,,RAPID_MOVE
A-00166,ME000457,ML,M-ANOM-CRD,Card behaviour anomaly,ACC0007046,CARD,2026-06-30 22:00:00,2026-06-01 17:36:54,Anomaly score 0.699 - top 0.33% of card account-months in 2026-06,Top 1% (score >= 0.670),1.04,1.0,20.0,20.0,0.6987,"Cash advances: $3,240 (typical $0) | Number of cash advances: 5 (typical 0) | Payments vs credit limit: 0.8x (typical 0.2x)",BEHAVIOUR_ANOMALY
A-00166,RE000536,RULE,R-CRD-01,Cash-advance cycling,ACC0007046,CARD,2026-06-25 12:30:13,2026-06-07 18:33:56,"5 cash advances $3,240, repaid $3,994 in 2026-06 (0 cash payments)",">= 3 cash advances totalling >= $2,500 in a month, repaid (>= 80%) in the same month",1.3,1.07,21.5,21.5,,,CC_CASH_ADV
A-00101,ME000460,ML,M-ANOM-CRD,Card behaviour anomaly,ACC0007120,CARD,2026-05-29 22:42:19,2026-05-02 12:35:10,Anomaly score 0.707 - top 0.21% of card account-months in 2026-05,Top 1% (score >= 0.670),1.06,1.0,21.9,21.9,0.7069,"Number of cash advances: 5 (typical 0) | Cash advances: $2,880 (typical $0) | Payments vs credit limit: 0.8x (typical 0.2x)",BEHAVIOUR_ANOMALY
A-00101,RE000537,RULE,R-CRD-01,Cash-advance cycling,ACC0007120,CARD,2026-05-25 12:36:10,2026-05-02 12:35:10,"5 cash advances $2,880, repaid $3,740 in 2026-05 (0 cash payments)",">= 3 cash advances totalling >= $2,500 in a month, repaid (>= 80%) in the same month",1.15,1.04,20.8,20.8,,,CC_CASH_ADV
A-00232,ME000462,ML,M-ANOM-CRD,Card behaviour anomaly,ACC0007120,CARD,2026-07-29 11:58:38,2026-07-03 20:40:29,Anomaly score 0.701 - top 0.27% of card account-months in 2026-07,Top 1% (score >= 0.670),1.05,1.0,20.9,20.9,0.7006,"Cash advances: $3,120 (typical $0) | Number of cash advances: 5 (typical 0) | Payments vs credit limit: 0.9x (typical 0.2x)",BEHAVIOUR_ANOMALY
A-00232,RE000538,RULE,R-CRD-01,Cash-advance cycling,ACC0007120,CARD,2026-07-25 10:45:16,2026-07-03 21:44:46,"5 cash advances $3,120, repaid $4,059 in 2026-07 (0 cash payments)",">= 3 cash advances totalling >= $2,500 in a month, repaid (>= 80%) in the same month",1.25,1.06,21.2,21.2,,,CC_CASH_ADV
A-00320,ME000464,ML,M-ANOM-CRD,Card behaviour anomaly,ACC0007120,CARD,2026-09-29 12:42:55,2026-09-01 10:13:24,Anomaly score 0.681 - top 0.67% of card account-months in 2026-09,Top 1% (score >= 0.670),1.02,1.0,15.0,15.0,0.6808,"Cash advances: $2,580 (typical $0) | Number of cash advances: 4 (typical 0) | Payments vs credit limit: 0.8x (typical 0.2x)",BEHAVIOUR_ANOMALY
A-00320,RE000539,RULE,R-CRD-01,Cash-advance cycling,ACC0007120,CARD,2026-09-25 08:33:31,2026-09-01 10:13:24,"4 cash advances $2,580, repaid $3,608 in 2026-09 (0 cash payments)",">= 3 cash advances totalling >= $2,500 in a month, repaid (>= 80%) in the same month",1.03,1.01,20.2,20.2,,,CC_CASH_ADV
A-00013,ME000247,ML,M-ANOM-DEP,Deposit behaviour anomaly,ACC0007288,DEPOSIT,2026-04-30 17:50:03,2026-04-03 10:41:42,Anomaly score 0.752 - top 0.18% of deposit account-months in 2026-04,Top 1% (score >= 0.676),1.11,1.0,22.2,22.2,0.7519,"Largest single credit vs monthly income: 10.4x (typical 0.4x) | External credits vs declared income: 11.8x (typical 0.8x) | Outgoing wires: $134,660 (typical $0)",BEHAVIOUR_ANOMALY
A-00013,RE000194,RULE,R-DEP-02,Rapid movement of funds,ACC0007288,DEPOSIT,2026-04-11 10:00:00,2026-04-08 05:11:09,"$136,091 in, $134,660 (99%) out within 4 days","External credits >= $20,000 within 3 days, and >= 80% debited out within the following 3 days",2.47,1.37,34.2,34.2,,,RAPID_MOVE
A-00167,ME000248,ML,M-ANOM-DEP,Deposit behaviour anomaly,ACC0007315,DEPOSIT,2026-06-29 17:33:36,2026-06-01 13:14:40,Anomaly score 0.684 - top 0.86% of deposit account-months in 2026-06,Top 1% (score >= 0.676),1.01,1.0,12.1,12.1,0.684,"Outgoing wires: $27,736 (typical $0) | Largest single credit vs monthly income: 2.7x (typical 0.4x) | Incoming wires: $28,417 (typical $0)",BEHAVIOUR_ANOMALY
A-00167,RE000195,RULE,R-DEP-02,Rapid movement of funds,ACC0007315,DEPOSIT,2026-06-19 10:00:00,2026-06-17 10:00:00,"$32,844 in, $27,736 (84%) out within 3 days","External credits >= $20,000 within 3 days, and >= 80% debited out within the following 3 days",1.64,1.16,29.0,29.0,,,RAPID_MOVE
A-00256,ME000249,ML,M-ANOM-DEP,Deposit behaviour anomaly,ACC0007315,DEPOSIT,2026-08-28 03:48:05,2026-08-01 08:37:49,Anomaly score 0.728 - top 0.33% of deposit account-months in 2026-08,Top 1% (score >= 0.676),1.08,1.0,20.0,20.0,0.7275,"Largest single credit vs monthly income: 13.4x (typical 0.4x) | External credits vs declared income: 14.3x (typical 0.8x) | Outgoing wires: $129,465 (typical $0)",BEHAVIOUR_ANOMALY
A-00256,RE000196,RULE,R-DEP-02,Rapid movement of funds,ACC0007315,DEPOSIT,2026-08-22 10:00:00,2026-08-20 10:00:00,"$140,712 in, $129,465 (92%) out within 3 days","External credits >= $20,000 within 3 days, and >= 80% debited out within the following 3 days",2.3,1.33,33.1,33.1,,,RAPID_MOVE
A-00047,ME000597,ML,M-ANOM-LN,Loan repayment anomaly,ACC0007384,LOAN,2026-04-18 14:06:54,2026-04-04 16:28:44,Anomaly score 0.736 - top 0.41% of loan account-months in 2026-04,Top 1% (score >= 0.670),1.1,1.0,18.8,18.8,0.7361,"Loan paid in cash: $1,081 (typical $0) | Payments from third parties: 1 (typical 0) | Repaid vs scheduled payment: 2.0x (typical 1.0x)",BEHAVIOUR_ANOMALY
A-00047,RE000892,RULE,R-LN-03,Third-party / cash loan repayments,ACC0007384,LOAN,2026-04-18 14:06:54,2026-04-04 16:28:44,"3 loan payments in 2026-04 from third parties / cash ($2,162)",>= 2 loan payments in a month from third parties or in cash,1.5,1.12,13.5,13.5,,,LN_3P_REPAY
A-00176,ME000598,ML,M-ANOM-LN,Loan repayment anomaly,ACC0007384,LOAN,2026-06-18 09:24:14,2026-06-04 13:33:32,Anomaly score 0.732 - top 0.44% of loan account-months in 2026-06,Top 1% (score >= 0.670),1.09,1.0,18.4,18.4,0.7317,"Loan paid in cash: $1,081 (typical $0) | Payments from third parties: 1 (typical 0) | Repaid vs scheduled payment: 2.0x (typical 1.0x)",BEHAVIOUR_ANOMALY
A-00176,RE000894,RULE,R-LN-03,Third-party / cash loan repayments,ACC0007384,LOAN,2026-06-18 09:24:14,2026-06-04 13:33:32,"3 loan payments in 2026-06 from third parties / cash ($2,162)",>= 2 loan payments in a month from third parties or in cash,1.5,1.12,13.5,13.5,,,LN_3P_REPAY
A-00252,ME000599,ML,M-ANOM-LN,Loan repayment anomaly,ACC0007410,LOAN,2026-08-18 10:53:19,2026-08-02 11:07:35,Anomaly score 0.787 - top 0.21% of loan account-months in 2026-08,Top 1% (score >= 0.670),1.17,1.0,21.8,21.8,0.787,Extra / payoff vs loan amount: 49% (typical 0%) | Repaid vs scheduled payment: 30.3x (typical 1.0x) | Loan paid in cash: $295 (typical $0),BEHAVIOUR_ANOMALY
A-00252,RE000739,RULE,R-LN-01,Early loan payoff / lump sum,ACC0007410,LOAN,2026-08-11 11:00:00,2026-08-11 11:00:00,"Payoff $8,322 on $16,900 loan, 22 months after origination; funded from: CHECK_DEPOSIT","Payoff or extra payment >= $10,000 (or >= 25% of loan amount) within 24 months of origination",1.97,1.24,22.4,22.4,,,LN_EARLY_PAYOFF
A-00252,RE000902,RULE,R-LN-03,Third-party / cash loan repayments,ACC0007410,LOAN,2026-08-18 10:53:19,2026-08-04 09:26:33,2 loan payments in 2026-08 from third parties / cash ($295),>= 2 loan payments in a month from third parties or in cash,1.0,1.0,12.0,12.0,,,LN_3P_REPAY
A-00038,ME000250,ML,M-ANOM-DEP,Deposit behaviour anomaly,ACC0007479,DEPOSIT,2026-04-30 14:25:38,2026-04-01 10:14:28,Anomaly score 0.745 - top 0.23% of deposit account-months in 2026-04,Top 1% (score >= 0.676),1.1,1.0,21.6,21.6,0.7446,"International wires: $11,763 (typical $0) | Outgoing wires: $4,260 (typical $0) | Distinct inbound senders: 10 (typical 1)",BEHAVIOUR_ANOMALY
A-00038,RE000261,RULE,R-DEP-03,High-risk geography wire,ACC0007479,DEPOSIT,2026-04-29 15:36:09,2026-04-05 11:37:16,"3 wire(s) totalling $11,763 with HT, SS, SY (largest $4,260)","Any wire >= $5,000 with a high-risk country, or >= 3 high-risk-country wires in a month",1.0,1.0,20.0,20.0,,,HR_WIRE
A-00040,ME000251,ML,M-ANOM-DEP,Deposit behaviour anomaly,ACC0007584,DEPOSIT,2026-04-30 18:32:47,2026-04-02 12:32:05,Anomaly score 0.680 - top 0.94% of deposit account-months in 2026-04,Top 1% (score >= 0.676),1.01,1.0,10.9,10.9,0.68,"Distinct inbound senders: 26 (typical 1) | Outgoing wires: $6,760 (typical $0) | External credits vs declared income: 5.0x (typical 0.8x)",BEHAVIOUR_ANOMALY
A-00040,RE000447,RULE,R-DEP-06,Funnel / many-to-one,ACC0007584,DEPOSIT,2026-04-30 18:32:47,2026-04-02 14:31:30,"25 inbound credits from 25 sources ($8,446), 85% moved out in 2026-04",">= 6 inbound credits from >= 4 distinct sources in a month totalling >= $8,000, with >= 70% moved out",1.06,1.01,30.4,30.4,,,FUNNEL
A-00185,ME000253,ML,M-ANOM-DEP,Deposit behaviour anomaly,ACC0007618,DEPOSIT,2026-07-31 08:09:17,2026-07-01 08:43:19,Anomaly score 0.772 - top 0.12% of deposit account-months in 2026-07,Top 1% (score >= 0.676),1.14,1.0,23.2,23.2,0.7724,"International wires: $20,373 (typical $0) | External credits vs declared income: 10.1x (typical 0.8x) | Cash deposits vs expected cash: 81.5x (typical 0.0x)",BEHAVIOUR_ANOMALY
A-00185,RE000318,RULE,R-DEP-05,Cash inconsistent with profile,ACC0007618,DEPOSIT,2026-07-27 11:37:39,2026-07-02 10:58:16,"$36,687 cash in 2026-07 vs expected $450/month (81.5x)","Monthly cash deposits >= $10,000 and >= 3x the party's expected monthly cash",3.67,1.5,30.0,30.0,,,CASH_PROFILE
A-00185,RE000450,RULE,R-DEP-06,Funnel / many-to-one,ACC0007618,DEPOSIT,2026-07-31 08:09:17,2026-07-01 08:43:19,"14 inbound credits from 14 sources ($36,800), 95% moved out in 2026-07",">= 6 inbound credits from >= 4 distinct sources in a month totalling >= $8,000, with >= 70% moved out",3.5,1.5,45.0,45.0,,,FUNNEL
A-00241,ME000254,ML,M-ANOM-DEP,Deposit behaviour anomaly,ACC0007618,DEPOSIT,2026-08-30 15:54:20,2026-08-01 04:10:40,Anomaly score 0.795 - top 0.04% of deposit account-months in 2026-08,Top 1% (score >= 0.676),1.18,1.0,24.4,24.4,0.7949,"Cash deposits vs expected cash: 104.9x (typical 0.0x) | International wires: $30,119 (typical $0) | External credits vs declared income: 13.2x (typical 0.8x)",BEHAVIOUR_ANOMALY
A-00241,RE000262,RULE,R-DEP-03,High-risk geography wire,ACC0007618,DEPOSIT,2026-08-30 11:00:00,2026-08-30 11:00:00,"1 wire(s) totalling $30,119 with MM (largest $30,119)","Any wire >= $5,000 with a high-risk country, or >= 3 high-risk-country wires in a month",6.02,1.5,30.0,30.0,,,HR_WIRE
A-00241,RE000319,RULE,R-DEP-05,Cash inconsistent with profile,ACC0007618,DEPOSIT,2026-08-27 12:17:54,2026-08-03 09:28:09,"$47,193 cash in 2026-08 vs expected $450/month (104.9x)","Monthly cash deposits >= $10,000 and >= 3x the party's expected monthly cash",4.72,1.5,30.0,30.0,,,CASH_PROFILE
A-00241,RE000451,RULE,R-DEP-06,Funnel / many-to-one,ACC0007618,DEPOSIT,2026-08-30 15:54:20,2026-08-03 09:28:09,"16 inbound credits from 16 sources ($47,193), 91% moved out in 2026-08",">= 6 inbound credits from >= 4 distinct sources in a month totalling >= $8,000, with >= 70% moved out",4.0,1.5,45.0,45.0,,,FUNNEL
A-00041,ME000255,ML,M-ANOM-DEP,Deposit behaviour anomaly,ACC0007652,DEPOSIT,2026-04-29 20:25:18,2026-04-02 10:54:44,Anomaly score 0.701 - top 0.60% of deposit account-months in 2026-04,Top 1% (score >= 0.676),1.04,1.0,15.9,15.9,0.7012,"Share of credits moved straight out: 300% (typical 7%) | International wires: $10,375 (typical $0) | Outgoing wires: $10,375 (typical $0)",BEHAVIOUR_ANOMALY
A-00041,RE000263,RULE,R-DEP-03,High-risk geography wire,ACC0007652,DEPOSIT,2026-04-27 10:53:09,2026-04-27 10:53:09,"1 wire(s) totalling $10,375 with HT (largest $10,375)","Any wire >= $5,000 with a high-risk country, or >= 3 high-risk-country wires in a month",2.08,1.27,25.4,25.4,,,HR_WIRE
A-00052,ME000474,ML,M-ANOM-CRD,Card behaviour anomaly,ACC0007726,CARD,2026-04-29 18:42:11,2026-04-04 16:29:56,Anomaly score 0.680 - top 0.70% of card account-months in 2026-04,Top 1% (score >= 0.670),1.02,1.0,14.4,14.4,0.6797,"Cash advances: $2,920 (typical $0) | Number of cash advances: 4 (typical 0) | Payments vs credit limit: 0.8x (typical 0.2x)",BEHAVIOUR_ANOMALY
A-00052,RE000540,RULE,R-CRD-01,Cash-advance cycling,ACC0007726,CARD,2026-04-25 11:46:44,2026-04-07 22:10:21,"4 cash advances $2,920, repaid $3,959 in 2026-04 (0 cash payments)",">= 3 cash advances totalling >= $2,500 in a month, repaid (>= 80%) in the same month",1.17,1.04,20.8,20.8,,,CC_CASH_ADV
A-00171,ME000476,ML,M-ANOM-CRD,Card behaviour anomaly,ACC0007726,CARD,2026-06-29 10:09:16,2026-06-01 07:12:45,Anomaly score 0.694 - top 0.42% of card account-months in 2026-06,Top 1% (score >= 0.670),1.04,1.0,18.6,18.6,0.6939,"Cash advances: $3,260 (typical $0) | Number of cash advances: 5 (typical 0) | Payments vs credit limit: 0.9x (typical 0.2x)",BEHAVIOUR_ANOMALY
A-00171,RE000542,RULE,R-CRD-01,Cash-advance cycling,ACC0007726,CARD,2026-06-25 16:04:53,2026-06-03 19:32:20,"5 cash advances $3,260, repaid $4,291 in 2026-06 (0 cash payments)",">= 3 cash advances totalling >= $2,500 in a month, repaid (>= 80%) in the same month",1.3,1.08,21.5,21.5,,,CC_CASH_ADV
A-00042,ME000478,ML,M-ANOM-CRD,Card behaviour anomaly,ACC0007808,CARD,2026-04-30 10:49:03,2026-04-01 07:31:26,Anomaly score 0.697 - top 0.37% of card account-months in 2026-04,Top 1% (score >= 0.670),1.04,1.0,19.4,19.4,0.6971,"Cash advances: $3,120 (typical $0) | Number of cash advances: 5 (typical 0) | Payments vs credit limit: 1.0x (typical 0.2x)",BEHAVIOUR_ANOMALY
A-00042,RE000543,RULE,R-CRD-01,Cash-advance cycling,ACC0007808,CARD,2026-04-25 17:34:48,2026-04-01 07:31:26,"5 cash advances $3,120, repaid $4,620 in 2026-04 (0 cash payments)",">= 3 cash advances totalling >= $2,500 in a month, repaid (>= 80%) in the same month",1.25,1.06,21.2,21.2,,,CC_CASH_ADV
A-00218,ME000259,ML,M-ANOM-DEP,Deposit behaviour anomaly,ACC0007827,DEPOSIT,2026-07-28 08:39:11,2026-07-01 12:39:56,Anomaly score 0.688 - top 0.79% of deposit account-months in 2026-07,Top 1% (score >= 0.676),1.02,1.0,13.1,13.1,0.6884,"Outgoing wires: $106,655 (typical $0) | Largest single credit vs monthly income: 4.0x (typical 0.4x) | Incoming wires: $111,845 (typical $0)",BEHAVIOUR_ANOMALY
A-00218,RE000199,RULE,R-DEP-02,Rapid movement of funds,ACC0007827,DEPOSIT,2026-07-08 10:00:00,2026-07-07 10:00:00,"$111,845 in, $97,693 (87%) out within 2 days","External credits >= $20,000 within 3 days, and >= 80% debited out within the following 3 days",2.18,1.3,32.4,32.4,,,RAPID_MOVE
A-00099,ME000260,ML,M-ANOM-DEP,Deposit behaviour anomaly,ACC0007902,DEPOSIT,2026-05-31 15:18:32,2026-05-01 12:12:32,Anomaly score 0.686 - top 0.84% of deposit account-months in 2026-05,Top 1% (score >= 0.676),1.01,1.0,12.4,12.4,0.6856,"Outgoing wires: $107,516 (typical $0) | Largest single credit vs monthly income: 3.9x (typical 0.4x) | External credits vs declared income: 5.0x (typical 0.8x)",BEHAVIOUR_ANOMALY
A-00099,RE000200,RULE,R-DEP-02,Rapid movement of funds,ACC0007902,DEPOSIT,2026-05-10 10:00:00,2026-05-09 10:00:00,"$121,172 in, $107,516 (89%) out within 2 days","External credits >= $20,000 within 3 days, and >= 80% debited out within the following 3 days",2.22,1.3,32.6,32.6,,,RAPID_MOVE
A-00224,ME000261,ML,M-ANOM-DEP,Deposit behaviour anomaly,ACC0007973,DEPOSIT,2026-07-30 12:40:43,2026-07-03 02:20:53,Anomaly score 0.699 - top 0.64% of deposit account-months in 2026-07,Top 1% (score >= 0.676),1.03,1.0,15.4,15.4,0.6994,"Cash deposits vs expected cash: 78.8x (typical 0.0x) | External credits vs declared income: 7.2x (typical 0.8x) | Cash deposited: $27,596 (typical $0)",BEHAVIOUR_ANOMALY
A-00224,RE000320,RULE,R-DEP-05,Cash inconsistent with profile,ACC0007973,DEPOSIT,2026-07-30 12:33:31,2026-07-04 13:21:28,"$27,596 cash in 2026-07 vs expected $350/month (78.8x)","Monthly cash deposits >= $10,000 and >= 3x the party's expected monthly cash",2.76,1.44,28.8,28.8,,,CASH_PROFILE
A-00286,ME000262,ML,M-ANOM-DEP,Deposit behaviour anomaly,ACC0007973,DEPOSIT,2026-08-31 10:20:39,2026-08-01 03:06:28,Anomaly score 0.677 - top 1.00% of deposit account-months in 2026-08,Top 1% (score >= 0.676),1.0,1.0,10.0,10.0,0.6769,"Cash deposits vs expected cash: 77.8x (typical 0.0x) | External credits vs declared income: 7.0x (typical 0.8x) | Cash deposited: $27,223 (typical $0)",BEHAVIOUR_ANOMALY
A-00286,RE000321,RULE,R-DEP-05,Cash inconsistent with profile,ACC0007973,DEPOSIT,2026-08-29 10:11:28,2026-08-02 13:54:53,"$27,223 cash in 2026-08 vs expected $350/month (77.8x)","Monthly cash deposits >= $10,000 and >= 3x the party's expected monthly cash",2.72,1.43,28.6,28.6,,,CASH_PROFILE
A-00225,ME000482,ML,M-ANOM-CRD,Card behaviour anomaly,ACC0008004,CARD,2026-07-30 13:02:04,2026-07-01 09:02:57,Anomaly score 0.708 - top 0.19% of card account-months in 2026-07,Top 1% (score >= 0.670),1.06,1.0,22.2,22.2,0.708,"Cash advances: $3,420 (typical $0) | Number of cash advances: 5 (typical 0) | Payments vs credit limit: 1.6x (typical 0.2x)",BEHAVIOUR_ANOMALY
A-00225,RE000544,RULE,R-CRD-01,Cash-advance cycling,ACC0008004,CARD,2026-07-25 10:32:53,2026-07-02 13:19:32,"5 cash advances $3,420, repaid $4,246 in 2026-07 (0 cash payments)",">= 3 cash advances totalling >= $2,500 in a month, repaid (>= 80%) in the same month",1.37,1.09,21.8,21.8,,,CC_CASH_ADV
A-00290,ME000265,ML,M-ANOM-DEP,Deposit behaviour anomaly,ACC0008080,DEPOSIT,2026-08-31 22:38:11,2026-08-01 21:25:05,Anomaly score 0.704 - top 0.55% of deposit account-months in 2026-08,Top 1% (score >= 0.676),1.04,1.0,16.8,16.8,0.7041,"Share of credits moved straight out: 300% (typical 7%) | International wires: $11,470 (typical $0) | Outgoing wires: $11,470 (typical $0)",BEHAVIOUR_ANOMALY
A-00290,RE000264,RULE,R-DEP-03,High-risk geography wire,ACC0008080,DEPOSIT,2026-08-28 14:12:08,2026-08-23 09:23:39,"3 wire(s) totalling $11,470 with HT, MM, VE (largest $4,359)","Any wire >= $5,000 with a high-risk country, or >= 3 high-risk-country wires in a month",1.0,1.0,20.0,20.0,,,HR_WIRE
A-00207,ME000484,ML,M-ANOM-CRD,Card behaviour anomaly,ACC0008186,CARD,2026-07-31 21:20:17,2026-07-01 19:19:02,Anomaly score 0.722 - top 0.13% of card account-months in 2026-07,Top 1% (score >= 0.670),1.08,1.0,23.1,23.1,0.7219,"Cash advances: $6,380 (typical $0) | Number of cash advances: 5 (typical 0) | Payments vs credit limit: 0.7x (typical 0.2x)",BEHAVIOUR_ANOMALY
A-00207,RE000545,RULE,R-CRD-01,Cash-advance cycling,ACC0008186,CARD,2026-07-29 13:02:06,2026-07-03 17:53:13,"5 cash advances $6,380, repaid $8,282 in 2026-07 (1 cash payments)",">= 3 cash advances totalling >= $2,500 in a month, repaid (>= 80%) in the same month",2.55,1.39,27.8,27.8,,,CC_CASH_ADV
A-00255,ME000485,ML,M-ANOM-CRD,Card behaviour anomaly,ACC0008186,CARD,2026-08-31 11:24:12,2026-08-01 21:20:33,Anomaly score 0.730 - top 0.11% of card account-months in 2026-08,Top 1% (score >= 0.670),1.09,1.0,23.4,23.4,0.7299,"Cash advances: $8,920 (typical $0) | Number of cash advances: 6 (typical 0) | Payments vs credit limit: 0.9x (typical 0.2x)",BEHAVIOUR_ANOMALY
A-00255,RE000546,RULE,R-CRD-01,Cash-advance cycling,ACC0008186,CARD,2026-08-29 15:06:10,2026-08-01 21:38:02,"6 cash advances $8,920, repaid $10,273 in 2026-08 (1 cash payments)",">= 3 cash advances totalling >= $2,500 in a month, repaid (>= 80%) in the same month",3.57,1.5,30.0,30.0,,,CC_CASH_ADV
A-00012,ME000270,ML,M-ANOM-DEP,Deposit behaviour anomaly,ACC0008361,DEPOSIT,2026-04-30 08:45:05,2026-04-01 12:41:41,Anomaly score 0.764 - top 0.14% of deposit account-months in 2026-04,Top 1% (score >= 0.676),1.13,1.0,22.9,22.9,0.7642,"International wires: $75,479 (typical $0) | Largest single credit vs monthly income: 7.2x (typical 0.4x) | Outgoing wires: $64,179 (typical $0)",BEHAVIOUR_ANOMALY
A-00012,RE000201,RULE,R-DEP-02,Rapid movement of funds,ACC0008361,DEPOSIT,2026-04-18 17:57:27,2026-04-16 12:57:27,"$67,253 in, $64,179 (95%) out within 3 days","External credits >= $20,000 within 3 days, and >= 80% debited out within the following 3 days",2.39,1.35,33.7,33.7,,,RAPID_MOVE
A-00078,ME000271,ML,M-ANOM-DEP,Deposit behaviour anomaly,ACC0008361,DEPOSIT,2026-05-31 16:38:34,2026-05-01 12:09:26,Anomaly score 0.753 - top 0.18% of deposit account-months in 2026-05,Top 1% (score >= 0.676),1.11,1.0,22.4,22.4,0.7526,"Outgoing wires: $74,223 (typical $0) | Largest single credit vs monthly income: 8.8x (typical 0.4x) | International wires: $156,534 (typical $0)",BEHAVIOUR_ANOMALY
A-00078,RE000202,RULE,R-DEP-02,Rapid movement of funds,ACC0008361,DEPOSIT,2026-05-08 18:55:39,2026-05-07 13:55:39,"$82,311 in, $74,223 (90%) out within 2 days","External credits >= $20,000 within 3 days, and >= 80% debited out within the following 3 days",2.25,1.31,32.8,32.8,,,RAPID_MOVE
A-00164,ME000490,ML,M-ANOM-CRD,Card behaviour anomaly,ACC0008472,CARD,2026-06-30 22:00:00,2026-06-01 08:09:21,Anomaly score 0.708 - top 0.18% of card account-months in 2026-06,Top 1% (score >= 0.670),1.06,1.0,22.3,22.3,0.7081,"Number of cash advances: 5 (typical 0) | Cash advances: $2,580 (typical $0) | Payments vs credit limit: 1.1x (typical 0.2x)",BEHAVIOUR_ANOMALY
A-00164,RE000548,RULE,R-CRD-01,Cash-advance cycling,ACC0008472,CARD,2026-06-25 13:14:45,2026-06-05 11:01:56,"5 cash advances $2,580, repaid $3,379 in 2026-06 (0 cash payments)",">= 3 cash advances totalling >= $2,500 in a month, repaid (>= 80%) in the same month",1.03,1.01,20.2,20.2,,,CC_CASH_ADV
A-00311,ME000491,ML,M-ANOM-CRD,Card behaviour anomaly,ACC0008472,CARD,2026-09-30 22:00:00,2026-09-02 13:41:38,Anomaly score 0.701 - top 0.26% of card account-months in 2026-09,Top 1% (score >= 0.670),1.05,1.0,21.1,21.1,0.7008,"Cash advances: $2,900 (typical $0) | Number of cash advances: 5 (typical 0) | Payments vs credit limit: 1.3x (typical 0.2x)",BEHAVIOUR_ANOMALY
A-00311,RE000549,RULE,R-CRD-01,Cash-advance cycling,ACC0008472,CARD,2026-09-25 10:59:59,2026-09-06 12:17:26,"5 cash advances $2,900, repaid $3,810 in 2026-09 (0 cash payments)",">= 3 cash advances totalling >= $2,500 in a month, repaid (>= 80%) in the same month",1.16,1.04,20.8,20.8,,,CC_CASH_ADV
A-00106,ME000492,ML,M-ANOM-CRD,Card behaviour anomaly,ACC0008478,CARD,2026-05-31 22:00:00,2026-05-01 13:43:11,Anomaly score 0.692 - top 0.46% of card account-months in 2026-05,Top 1% (score >= 0.670),1.03,1.0,18.1,18.1,0.6918,"Cash advances: $3,980 (typical $0) | Number of cash advances: 5 (typical 0) | Payments vs credit limit: 0.7x (typical 0.2x)",BEHAVIOUR_ANOMALY
A-00106,RE000550,RULE,R-CRD-01,Cash-advance cycling,ACC0008478,CARD,2026-05-25 09:13:54,2026-05-15 12:55:21,"5 cash advances $3,980, repaid $4,617 in 2026-05 (0 cash payments)",">= 3 cash advances totalling >= $2,500 in a month, repaid (>= 80%) in the same month",1.59,1.15,23.0,23.0,,,CC_CASH_ADV
A-00039,ME000274,ML,M-ANOM-DEP,Deposit behaviour anomaly,ACC0008534,DEPOSIT,2026-04-30 21:31:30,2026-04-01 11:54:19,Anomaly score 0.680 - top 0.94% of deposit account-months in 2026-04,Top 1% (score >= 0.676),1.01,1.0,11.0,11.0,0.6803,Distinct inbound senders: 28 (typical 1) | External credits vs declared income: 15.6x (typical 0.8x) | Largest single credit vs monthly income: 1.9x (typical 0.4x),BEHAVIOUR_ANOMALY
A-00039,RE000463,RULE,R-DEP-06,Funnel / many-to-one,ACC0008534,DEPOSIT,2026-04-30 20:58:05,2026-04-01 12:11:41,"27 inbound credits from 27 sources ($8,680), 79% moved out in 2026-04",">= 6 inbound credits from >= 4 distinct sources in a month totalling >= $8,000, with >= 70% moved out",1.09,1.02,30.6,30.6,,,FUNNEL
A-00212,ME000493,ML,M-ANOM-CRD,Card behaviour anomaly,ACC0008609,CARD,2026-07-31 13:20:23,2026-07-01 19:32:57,Anomaly score 0.760 - top 0.01% of card account-months in 2026-07,Top 1% (score >= 0.670),1.14,1.0,24.8,24.8,0.7604,"Payments from third parties: $15,221 (typical $0) | Distinct third-party payors: 6 (typical 0) | Purchases vs credit limit: 1.0x (typical 0.2x)",BEHAVIOUR_ANOMALY
A-00212,RE000616,RULE,R-CRD-03,Third-party card payments,ACC0008609,CARD,2026-07-26 14:16:13,2026-07-03 12:23:52,"6 payments from 6 third parties totalling $15,221 in 2026-07","Card payments from >= 2 distinct third parties totalling >= $2,000 in a month",7.61,1.5,22.5,22.5,,,CC_3P_PAY
A-00274,ME000494,ML,M-ANOM-CRD,Card behaviour anomaly,ACC0008609,CARD,2026-08-30 12:53:03,2026-08-01 21:36:25,Anomaly score 0.705 - top 0.22% of card account-months in 2026-08,Top 1% (score >= 0.670),1.05,1.0,21.6,21.6,0.7046,"Payments from third parties: $7,076 (typical $0) | Distinct third-party payors: 3 (typical 0) | Purchases vs credit limit: 0.6x (typical 0.2x)",BEHAVIOUR_ANOMALY
A-00274,RE000617,RULE,R-CRD-03,Third-party card payments,ACC0008609,CARD,2026-08-21 10:38:45,2026-08-10 11:12:50,"3 payments from 3 third parties totalling $7,076 in 2026-08","Card payments from >= 2 distinct third parties totalling >= $2,000 in a month",3.54,1.5,22.5,22.5,,,CC_3P_PAY
A-00306,ME000495,ML,M-ANOM-CRD,Card behaviour anomaly,ACC0008609,CARD,2026-09-30 20:53:20,2026-09-01 09:38:07,Anomaly score 0.733 - top 0.08% of card account-months in 2026-09,Top 1% (score >= 0.670),1.1,1.0,23.7,23.7,0.7334,"Payments from third parties: $9,576 (typical $0) | Distinct third-party payors: 3 (typical 0) | Purchases vs credit limit: 0.7x (typical 0.2x)",BEHAVIOUR_ANOMALY
A-00306,RE000618,RULE,R-CRD-03,Third-party card payments,ACC0008609,CARD,2026-09-28 18:47:44,2026-09-12 12:33:46,"3 payments from 3 third parties totalling $9,576 in 2026-09","Card payments from >= 2 distinct third parties totalling >= $2,000 in a month",4.79,1.5,22.5,22.5,,,CC_3P_PAY
A-00083,ME000280,ML,M-ANOM-DEP,Deposit behaviour anomaly,ACC0008655,DEPOSIT,2026-05-29 22:15:45,2026-05-01 18:06:12,Anomaly score 0.718 - top 0.42% of deposit account-months in 2026-05,Top 1% (score >= 0.676),1.06,1.0,18.7,18.7,0.718,"Outgoing wires: $99,541 (typical $0) | Largest single credit vs monthly income: 4.2x (typical 0.4x) | Share of credits moved straight out: 117% (typical 7%)",BEHAVIOUR_ANOMALY
A-00083,RE000203,RULE,R-DEP-02,Rapid movement of funds,ACC0008655,DEPOSIT,2026-05-26 10:00:00,2026-05-22 05:29:37,"$78,443 in, $70,972 (90%) out within 5 days","External credits >= $20,000 within 3 days, and >= 80% debited out within the following 3 days",2.26,1.32,32.9,32.9,,,RAPID_MOVE
A-00299,ME000281,ML,M-ANOM-DEP,Deposit behaviour anomaly,ACC0008655,DEPOSIT,2026-09-30 22:13:03,2026-09-01 13:11:03,Anomaly score 0.720 - top 0.40% of deposit account-months in 2026-09,Top 1% (score >= 0.676),1.06,1.0,18.9,18.9,0.7196,"Outgoing wires: $141,982 (typical $0) | Largest single credit vs monthly income: 6.9x (typical 0.4x) | External credits vs declared income: 7.6x (typical 0.8x)",BEHAVIOUR_ANOMALY
A-00299,RE000204,RULE,R-DEP-02,Rapid movement of funds,ACC0008655,DEPOSIT,2026-09-26 10:00:00,2026-09-24 10:00:00,"$124,222 in, $117,770 (95%) out within 3 days","External credits >= $20,000 within 3 days, and >= 80% debited out within the following 3 days",2.37,1.34,33.6,33.6,,,RAPID_MOVE
A-00062,ME000282,ML,M-ANOM-DEP,Deposit behaviour anomaly,ACC0008704,DEPOSIT,2026-05-31 19:32:13,2026-05-01 16:42:03,Anomaly score 0.761 - top 0.16% of deposit account-months in 2026-05,Top 1% (score >= 0.676),1.12,1.0,22.7,22.7,0.7606,"Cash deposits vs expected cash: 109.3x (typical 0.0x) | International wires: $12,922 (typical $0) | Outgoing wires: $12,922 (typical $0)",BEHAVIOUR_ANOMALY
A-00062,RE000322,RULE,R-DEP-05,Cash inconsistent with profile,ACC0008704,DEPOSIT,2026-05-26 13:05:32,2026-05-02 10:03:26,"$25,147 cash in 2026-05 vs expected $230/month (109.3x)","Monthly cash deposits >= $10,000 and >= 3x the party's expected monthly cash",2.51,1.38,27.6,27.6,,,CASH_PROFILE
A-00062,RE000464,RULE,R-DEP-06,Funnel / many-to-one,ACC0008704,DEPOSIT,2026-05-31 06:57:12,2026-05-01 16:42:03,"13 inbound credits from 13 sources ($25,341), 83% moved out in 2026-05",">= 6 inbound credits from >= 4 distinct sources in a month totalling >= $8,000, with >= 70% moved out",3.17,1.5,45.0,45.0,,,FUNNEL
A-00124,ME000283,ML,M-ANOM-DEP,Deposit behaviour anomaly,ACC0008704,DEPOSIT,2026-06-29 11:00:00,2026-06-01 07:10:30,Anomaly score 0.763 - top 0.14% of deposit account-months in 2026-06,Top 1% (score >= 0.676),1.13,1.0,22.8,22.8,0.7631,"Cash deposits vs expected cash: 108.9x (typical 0.0x) | International wires: $12,464 (typical $0) | Outgoing wires: $12,464 (typical $0)",BEHAVIOUR_ANOMALY
A-00124,RE000323,RULE,R-DEP-05,Cash inconsistent with profile,ACC0008704,DEPOSIT,2026-06-20 10:35:43,2026-06-01 12:20:19,"$25,049 cash in 2026-06 vs expected $230/month (108.9x)","Monthly cash deposits >= $10,000 and >= 3x the party's expected monthly cash",2.5,1.38,27.5,27.5,,,CASH_PROFILE
A-00124,RE000465,RULE,R-DEP-06,Funnel / many-to-one,ACC0008704,DEPOSIT,2026-06-29 11:00:00,2026-06-01 12:20:19,"10 inbound credits from 10 sources ($25,217), 93% moved out in 2026-06",">= 6 inbound credits from >= 4 distinct sources in a month totalling >= $8,000, with >= 70% moved out",2.5,1.38,41.2,41.2,,,FUNNEL
A-00186,ME000284,ML,M-ANOM-DEP,Deposit behaviour anomaly,ACC0008704,DEPOSIT,2026-07-31 15:09:44,2026-07-01 12:01:37,Anomaly score 0.768 - top 0.13% of deposit account-months in 2026-07,Top 1% (score >= 0.676),1.14,1.0,23.1,23.1,0.7678,"Cash deposits vs expected cash: 139.0x (typical 0.0x) | International wires: $20,201 (typical $0) | Outgoing wires: $20,201 (typical $0)",BEHAVIOUR_ANOMALY
A-00186,RE000324,RULE,R-DEP-05,Cash inconsistent with profile,ACC0008704,DEPOSIT,2026-07-28 12:45:52,2026-07-01 12:01:37,"$31,973 cash in 2026-07 vs expected $230/month (139.0x)","Monthly cash deposits >= $10,000 and >= 3x the party's expected monthly cash",3.2,1.5,30.0,30.0,,,CASH_PROFILE
A-00186,RE000466,RULE,R-DEP-06,Funnel / many-to-one,ACC0008704,DEPOSIT,2026-07-31 15:09:44,2026-07-01 12:01:37,"13 inbound credits from 13 sources ($31,973), 84% moved out in 2026-07",">= 6 inbound credits from >= 4 distinct sources in a month totalling >= $8,000, with >= 70% moved out",3.25,1.5,45.0,45.0,,,FUNNEL
A-00229,ME000286,ML,M-ANOM-DEP,Deposit behaviour anomaly,ACC0008835,DEPOSIT,2026-07-30 19:55:00,2026-07-01 11:27:52,Anomaly score 0.678 - top 0.98% of deposit account-months in 2026-07,Top 1% (score >= 0.676),1.0,1.0,10.2,10.2,0.6775,"Outgoing wires: $79,823 (typical $0) | Largest single credit vs monthly income: 3.3x (typical 0.4x) | Incoming wires: $90,622 (typical $0)",BEHAVIOUR_ANOMALY
A-00229,RE000205,RULE,R-DEP-02,Rapid movement of funds,ACC0008835,DEPOSIT,2026-07-05 10:00:00,2026-07-03 10:00:00,"$90,622 in, $79,823 (88%) out within 3 days","External credits >= $20,000 within 3 days, and >= 80% debited out within the following 3 days",2.2,1.3,32.5,32.5,,,RAPID_MOVE
A-00085,ME000609,ML,M-ANOM-LN,Loan repayment anomaly,ACC0008860,LOAN,2026-05-13 11:00:00,2026-05-11 11:27:07,Anomaly score 0.831 - top 0.06% of loan account-months in 2026-05,Top 1% (score >= 0.670),1.24,1.0,24.1,24.1,0.8308,Extra / payoff vs loan amount: 84% (typical 0%) | Repaid vs scheduled payment: 51.2x (typical 1.0x) | Payments from third parties: 1 (typical 0),BEHAVIOUR_ANOMALY
A-00085,RE000733,RULE,R-LN-01,Early loan payoff / lump sum,ACC0008860,LOAN,2026-05-13 11:00:00,2026-05-13 11:00:00,"Payoff $31,558 on $37,500 loan, 9 months after origination; funded from: third party","Payoff or extra payment >= $10,000 (or >= 25% of loan amount) within 24 months of origination",3.37,1.5,27.0,27.0,,,LN_EARLY_PAYOFF
A-00086,ME000290,ML,M-ANOM-DEP,Deposit behaviour anomaly,ACC0008890,DEPOSIT,2026-05-31 11:34:07,2026-05-01 13:15:43,Anomaly score 0.713 - top 0.46% of deposit account-months in 2026-05,Top 1% (score >= 0.676),1.05,1.0,18.1,18.1,0.7127,"Largest single credit vs monthly income: 8.1x (typical 0.4x) | Outgoing wires: $88,315 (typical $0) | External credits vs declared income: 9.1x (typical 0.8x)",BEHAVIOUR_ANOMALY
A-00086,RE000206,RULE,R-DEP-02,Rapid movement of funds,ACC0008890,DEPOSIT,2026-05-21 10:00:00,2026-05-19 05:34:19,"$98,118 in, $88,315 (90%) out within 3 days","External credits >= $20,000 within 3 days, and >= 80% debited out within the following 3 days",2.25,1.31,32.8,32.8,,,RAPID_MOVE
A-00143,ME000291,ML,M-ANOM-DEP,Deposit behaviour anomaly,ACC0008890,DEPOSIT,2026-06-30 20:44:32,2026-06-01 10:24:04,Anomaly score 0.716 - top 0.44% of deposit account-months in 2026-06,Top 1% (score >= 0.676),1.06,1.0,18.3,18.3,0.7156,"Largest single credit vs monthly income: 8.4x (typical 0.4x) | Outgoing wires: $93,433 (typical $0) | External credits vs declared income: 9.8x (typical 0.8x)",BEHAVIOUR_ANOMALY
A-00143,RE000207,RULE,R-DEP-02,Rapid movement of funds,ACC0008890,DEPOSIT,2026-06-12 10:00:00,2026-06-10 10:00:00,"$95,758 in, $93,433 (98%) out within 3 days","External credits >= $20,000 within 3 days, and >= 80% debited out within the following 3 days",2.44,1.36,34.0,34.0,,,RAPID_MOVE
A-00155,ME000499,ML,M-ANOM-CRD,Card behaviour anomaly,ACC0008979,CARD,2026-06-30 22:00:00,2026-06-08 09:53:17,Anomaly score 0.705 - top 0.22% of card account-months in 2026-06,Top 1% (score >= 0.670),1.05,1.0,21.7,21.7,0.7047,"Cash advances: $5,700 (typical $0) | Number of cash advances: 4 (typical 0) | Payments vs credit limit: 0.5x (typical 0.2x)",BEHAVIOUR_ANOMALY
A-00155,RE000551,RULE,R-CRD-01,Cash-advance cycling,ACC0008979,CARD,2026-06-28 10:00:15,2026-06-08 09:53:17,"4 cash advances $5,700, repaid $6,539 in 2026-06 (1 cash payments)",">= 3 cash advances totalling >= $2,500 in a month, repaid (>= 80%) in the same month",2.28,1.32,26.4,26.4,,,CC_CASH_ADV
A-00230,ME000500,ML,M-ANOM-CRD,Card behaviour anomaly,ACC0008979,CARD,2026-07-31 22:00:00,2026-07-02 18:58:50,Anomaly score 0.691 - top 0.47% of card account-months in 2026-07,Top 1% (score >= 0.670),1.03,1.0,17.9,17.9,0.6907,"Cash advances: $4,820 (typical $0) | Number of cash advances: 4 (typical 0) | Payments vs credit limit: 0.5x (typical 0.2x)",BEHAVIOUR_ANOMALY
A-00230,RE000552,RULE,R-CRD-01,Cash-advance cycling,ACC0008979,CARD,2026-07-29 11:20:45,2026-07-02 18:58:50,"4 cash advances $4,820, repaid $6,019 in 2026-07 (1 cash payments)",">= 3 cash advances totalling >= $2,500 in a month, repaid (>= 80%) in the same month",1.93,1.23,24.6,24.6,,,CC_CASH_ADV
A-00269,ME000501,ML,M-ANOM-CRD,Card behaviour anomaly,ACC0008979,CARD,2026-08-31 22:00:00,2026-08-03 08:23:01,Anomaly score 0.744 - top 0.06% of card account-months in 2026-08,Top 1% (score >= 0.670),1.11,1.0,24.1,24.1,0.744,"Cash advances: $4,820 (typical $0) | Number of cash advances: 4 (typical 0) | Gambling / crypto share of spend: 85% (typical 0%)",BEHAVIOUR_ANOMALY
A-00269,RE000553,RULE,R-CRD-01,Cash-advance cycling,ACC0008979,CARD,2026-08-29 15:59:46,2026-08-05 18:51:49,"4 cash advances $4,820, repaid $5,470 in 2026-08 (1 cash payments)",">= 3 cash advances totalling >= $2,500 in a month, repaid (>= 80%) in the same month",1.93,1.23,24.6,24.6,,,CC_CASH_ADV
A-00036,ME000502,ML,M-ANOM-CRD,Card behaviour anomaly,ACC0009021,CARD,2026-04-25 17:15:47,2026-04-01 14:52:02,Anomaly score 0.711 - top 0.18% of card account-months in 2026-04,Top 1% (score >= 0.670),1.06,1.0,22.4,22.4,0.711,"Cash advances: $2,520 (typical $0) | Number of cash advances: 5 (typical 0) | Payments vs credit limit: 1.0x (typical 0.2x)",BEHAVIOUR_ANOMALY
A-00036,RE000554,RULE,R-CRD-01,Cash-advance cycling,ACC0009021,CARD,2026-04-25 17:15:47,2026-04-01 14:52:02,"5 cash advances $2,520, repaid $3,043 in 2026-04 (0 cash payments)",">= 3 cash advances totalling >= $2,500 in a month, repaid (>= 80%) in the same month",1.01,1.0,20.0,20.0,,,CC_CASH_ADV
A-00284,ME000508,ML,M-ANOM-CRD,Card behaviour anomaly,ACC0009114,CARD,2026-08-25 22:59:50,2026-08-02 19:14:10,Anomaly score 0.697 - top 0.38% of card account-months in 2026-08,Top 1% (score >= 0.670),1.04,1.0,19.4,19.4,0.6971,"Cash advances: $2,740 (typical $0) | Number of cash advances: 5 (typical 0) | Payments vs credit limit: 1.1x (typical 0.2x)",BEHAVIOUR_ANOMALY
A-00284,RE000555,RULE,R-CRD-01,Cash-advance cycling,ACC0009114,CARD,2026-08-25 11:18:36,2026-08-05 11:16:07,"5 cash advances $2,740, repaid $3,836 in 2026-08 (0 cash payments)",">= 3 cash advances totalling >= $2,500 in a month, repaid (>= 80%) in the same month",1.1,1.02,20.5,20.5,,,CC_CASH_ADV
A-00025,ME000297,ML,M-ANOM-DEP,Deposit behaviour anomaly,ACC0009253,DEPOSIT,2026-04-27 18:32:19,2026-04-01 11:18:54,Anomaly score 0.702 - top 0.60% of deposit account-months in 2026-04,Top 1% (score >= 0.676),1.04,1.0,16.1,16.1,0.7018,"Outgoing wires: $84,768 (typical $0) | Largest single credit vs monthly income: 3.2x (typical 0.4x) | Incoming wires: $89,384 (typical $0)",BEHAVIOUR_ANOMALY
A-00025,RE000208,RULE,R-DEP-02,Rapid movement of funds,ACC0009253,DEPOSIT,2026-04-12 10:00:00,2026-04-10 10:00:00,"$89,384 in, $84,768 (95%) out within 3 days","External credits >= $20,000 within 3 days, and >= 80% debited out within the following 3 days",2.37,1.34,33.6,33.6,,,RAPID_MOVE
A-00149,ME000298,ML,M-ANOM-DEP,Deposit behaviour anomaly,ACC0009253,DEPOSIT,2026-06-30 09:25:05,2026-06-01 02:42:25,Anomaly score 0.701 - top 0.62% of deposit account-months in 2026-06,Top 1% (score >= 0.676),1.04,1.0,15.8,15.8,0.7007,"Outgoing wires: $126,147 (typical $0) | Largest single credit vs monthly income: 5.0x (typical 0.4x) | External credits vs declared income: 6.1x (typical 0.8x)",BEHAVIOUR_ANOMALY
A-00149,RE000209,RULE,R-DEP-02,Rapid movement of funds,ACC0009253,DEPOSIT,2026-06-06 17:49:21,2026-06-04 10:00:00,"$136,558 in, $127,460 (93%) out within 3 days","External credits >= $20,000 within 3 days, and >= 80% debited out within the following 3 days",2.33,1.33,33.3,33.3,,,RAPID_MOVE
A-00233,ME000299,ML,M-ANOM-DEP,Deposit behaviour anomaly,ACC0009285,DEPOSIT,2026-07-31 09:18:46,2026-07-02 14:24:01,Anomaly score 0.690 - top 0.76% of deposit account-months in 2026-07,Top 1% (score >= 0.676),1.02,1.0,13.5,13.5,0.6897,"Outgoing wires: $52,727 (typical $0) | Share of credits moved straight out: 136% (typical 7%) | Largest single credit vs monthly income: 2.9x (typical 0.4x)",BEHAVIOUR_ANOMALY
A-00233,RE000210,RULE,R-DEP-02,Rapid movement of funds,ACC0009285,DEPOSIT,2026-07-05 10:00:00,2026-07-04 10:00:00,"$29,900 in, $26,306 (88%) out within 2 days","External credits >= $20,000 within 3 days, and >= 80% debited out within the following 3 days",1.5,1.12,28.1,28.1,,,RAPID_MOVE
A-00026,ME000300,ML,M-ANOM-DEP,Deposit behaviour anomaly,ACC0009312,DEPOSIT,2026-04-30 07:34:59,2026-04-01 17:39:30,Anomaly score 0.703 - top 0.57% of deposit account-months in 2026-04,Top 1% (score >= 0.676),1.04,1.0,16.4,16.4,0.7029,"Outgoing wires: $72,951 (typical $0) | Largest single credit vs monthly income: 4.5x (typical 0.4x) | External credits vs declared income: 5.4x (typical 0.8x)",BEHAVIOUR_ANOMALY
A-00026,RE000211,RULE,R-DEP-02,Rapid movement of funds,ACC0009312,DEPOSIT,2026-04-06 10:00:00,2026-04-05 10:00:00,"$78,229 in, $72,951 (93%) out within 2 days","External credits >= $20,000 within 3 days, and >= 80% debited out within the following 3 days",2.33,1.33,33.3,33.3,,,RAPID_MOVE
A-00265,ME000301,ML,M-ANOM-DEP,Deposit behaviour anomaly,ACC0009312,DEPOSIT,2026-08-29 21:43:57,2026-08-02 08:32:16,Anomaly score 0.703 - top 0.56% of deposit account-months in 2026-08,Top 1% (score >= 0.676),1.04,1.0,16.5,16.5,0.7032,"Outgoing wires: $113,999 (typical $0) | Largest single credit vs monthly income: 6.9x (typical 0.4x) | External credits vs declared income: 7.8x (typical 0.8x)",BEHAVIOUR_ANOMALY
A-00265,RE000212,RULE,R-DEP-02,Rapid movement of funds,ACC0009312,DEPOSIT,2026-08-22 18:03:29,2026-08-18 05:39:17,"$128,506 in, $119,840 (93%) out within 5 days","External credits >= $20,000 within 3 days, and >= 80% debited out within the following 3 days",2.33,1.33,33.3,33.3,,,RAPID_MOVE
A-00030,ME000302,ML,M-ANOM-DEP,Deposit behaviour anomaly,ACC0009332,DEPOSIT,2026-04-30 12:29:14,2026-04-01 10:37:29,Anomaly score 0.689 - top 0.77% of deposit account-months in 2026-04,Top 1% (score >= 0.676),1.02,1.0,13.4,13.4,0.6892,"Outgoing wires: $60,623 (typical $0) | Largest single credit vs monthly income: 3.9x (typical 0.4x) | Incoming wires: $62,517 (typical $0)",BEHAVIOUR_ANOMALY
A-00030,RE000213,RULE,R-DEP-02,Rapid movement of funds,ACC0009332,DEPOSIT,2026-04-14 10:00:00,2026-04-12 10:00:00,"$62,517 in, $60,623 (97%) out within 3 days","External credits >= $20,000 within 3 days, and >= 80% debited out within the following 3 days",2.42,1.36,33.9,33.9,,,RAPID_MOVE
A-00032,ME000304,ML,M-ANOM-DEP,Deposit behaviour anomaly,ACC0009436,DEPOSIT,2026-04-30 20:07:25,2026-04-02 12:57:54,Anomaly score 0.688 - top 0.80% of deposit account-months in 2026-04,Top 1% (score >= 0.676),1.02,1.0,12.9,12.9,0.688,"Outgoing wires: $92,156 (typical $0) | Largest single credit vs monthly income: 3.1x (typical 0.4x) | Incoming wires: $96,302 (typical $0)",BEHAVIOUR_ANOMALY
A-00032,RE000215,RULE,R-DEP-02,Rapid movement of funds,ACC0009436,DEPOSIT,2026-04-25 10:00:00,2026-04-24 10:00:00,"$96,302 in, $92,156 (96%) out within 2 days","External credits >= $20,000 within 3 days, and >= 80% debited out within the following 3 days",2.39,1.35,33.7,33.7,,,RAPID_MOVE
A-00100,ME000305,ML,M-ANOM-DEP,Deposit behaviour anomaly,ACC0009436,DEPOSIT,2026-05-31 08:57:32,2026-05-01 15:06:22,Anomaly score 0.683 - top 0.89% of deposit account-months in 2026-05,Top 1% (score >= 0.676),1.01,1.0,11.7,11.7,0.6832,"Outgoing wires: $109,068 (typical $0) | Largest single credit vs monthly income: 3.6x (typical 0.4x) | Incoming wires: $112,618 (typical $0)",BEHAVIOUR_ANOMALY
A-00100,RE000216,RULE,R-DEP-02,Rapid movement of funds,ACC0009436,DEPOSIT,2026-05-13 10:00:00,2026-05-12 04:04:15,"$124,180 in, $109,068 (88%) out within 2 days","External credits >= $20,000 within 3 days, and >= 80% debited out within the following 3 days",2.2,1.3,32.5,32.5,,,RAPID_MOVE
A-00214,ME000307,ML,M-ANOM-DEP,Deposit behaviour anomaly,ACC0009473,DEPOSIT,2026-07-28 21:59:07,2026-07-01 09:51:13,Anomaly score 0.695 - top 0.71% of deposit account-months in 2026-07,Top 1% (score >= 0.676),1.03,1.0,14.3,14.3,0.695,"Outgoing wires: $77,623 (typical $0) | Largest single credit vs monthly income: 4.4x (typical 0.4x) | Incoming wires: $78,272 (typical $0)",BEHAVIOUR_ANOMALY
A-00214,RE000217,RULE,R-DEP-02,Rapid movement of funds,ACC0009473,DEPOSIT,2026-07-23 10:00:00,2026-07-21 04:42:54,"$85,417 in, $72,883 (85%) out within 3 days","External credits >= $20,000 within 3 days, and >= 80% debited out within the following 3 days",2.13,1.28,32.1,32.1,,,RAPID_MOVE
A-00243,ME000309,ML,M-ANOM-DEP,Deposit behaviour anomaly,ACC0009502,DEPOSIT,2026-08-30 10:43:06,2026-08-01 13:35:51,Anomaly score 0.754 - top 0.17% of deposit account-months in 2026-08,Top 1% (score >= 0.676),1.11,1.0,22.4,22.4,0.7539,"Outgoing wires: $47,410 (typical $0) | Cash deposits vs expected cash: 65.3x (typical 0.0x) | Share of credits moved straight out: 157% (typical 7%)",BEHAVIOUR_ANOMALY
A-00243,RE000326,RULE,R-DEP-05,Cash inconsistent with profile,ACC0009502,DEPOSIT,2026-08-23 15:38:34,2026-08-09 10:08:36,"$27,426 cash in 2026-08 vs expected $420/month (65.3x)","Monthly cash deposits >= $10,000 and >= 3x the party's expected monthly cash",2.74,1.44,28.7,28.7,,,CASH_PROFILE
A-00294,ME000310,ML,M-ANOM-DEP,Deposit behaviour anomaly,ACC0009502,DEPOSIT,2026-09-29 14:57:59,2026-09-01 13:30:48,Anomaly score 0.766 - top 0.14% of deposit account-months in 2026-09,Top 1% (score >= 0.676),1.13,1.0,23.0,23.0,0.7662,"International wires: $31,774 (typical $0) | Outgoing wires: $31,774 (typical $0) | Share of credits moved straight out: 159% (typical 7%)",BEHAVIOUR_ANOMALY
A-00294,RE000327,RULE,R-DEP-05,Cash inconsistent with profile,ACC0009502,DEPOSIT,2026-09-16 13:57:04,2026-09-06 09:16:19,"$17,130 cash in 2026-09 vs expected $420/month (40.8x)","Monthly cash deposits >= $10,000 and >= 3x the party's expected monthly cash",1.71,1.18,23.6,23.6,,,CASH_PROFILE
A-00243,ME000311,ML,M-ANOM-DEP,Deposit behaviour anomaly,ACC0009503,DEPOSIT,2026-08-31 23:00:00,2026-08-06 09:42:30,Anomaly score 0.723 - top 0.38% of deposit account-months in 2026-08,Top 1% (score >= 0.676),1.07,1.0,19.3,19.3,0.7227,"Cash deposits vs expected cash: 59.2x (typical 0.0x) | External credits vs declared income: 5.6x (typical 0.8x) | Cash deposited: $24,854 (typical $0)",BEHAVIOUR_ANOMALY
A-00243,RE000328,RULE,R-DEP-05,Cash inconsistent with profile,ACC0009503,DEPOSIT,2026-08-27 09:51:16,2026-08-06 09:42:30,"$24,854 cash in 2026-08 vs expected $420/month (59.2x)","Monthly cash deposits >= $10,000 and >= 3x the party's expected monthly cash",2.49,1.37,27.4,27.4,,,CASH_PROFILE
A-00294,ME000312,ML,M-ANOM-DEP,Deposit behaviour anomaly,ACC0009503,DEPOSIT,2026-09-30 23:00:00,2026-09-02 18:29:51,Anomaly score 0.688 - top 0.82% of deposit account-months in 2026-09,Top 1% (score >= 0.676),1.02,1.0,12.7,12.7,0.6875,"Cash deposits vs expected cash: 45.6x (typical 0.0x) | Cash deposited: $19,167 (typical $0) | Largest single credit vs monthly income: 2.2x (typical 0.4x)",BEHAVIOUR_ANOMALY
A-00294,RE000329,RULE,R-DEP-05,Cash inconsistent with profile,ACC0009503,DEPOSIT,2026-09-17 16:45:11,2026-09-03 11:05:53,"$19,167 cash in 2026-09 vs expected $420/month (45.6x)","Monthly cash deposits >= $10,000 and >= 3x the party's expected monthly cash",1.92,1.23,24.6,24.6,,,CASH_PROFILE
A-00192,ME000313,ML,M-ANOM-DEP,Deposit behaviour anomaly,ACC0009516,DEPOSIT,2026-07-31 18:41:32,2026-07-01 08:02:55,Anomaly score 0.768 - top 0.13% of deposit account-months in 2026-07,Top 1% (score >= 0.676),1.13,1.0,23.0,23.0,0.7675,"External credits vs declared income: 24.3x (typical 0.8x) | Largest single credit vs monthly income: 9.5x (typical 0.4x) | Outgoing wires: $190,062 (typical $0)",BEHAVIOUR_ANOMALY
A-00192,RE000219,RULE,R-DEP-02,Rapid movement of funds,ACC0009516,DEPOSIT,2026-07-21 18:58:44,2026-07-19 13:58:44,"$86,916 in, $81,114 (93%) out within 3 days","External credits >= $20,000 within 3 days, and >= 80% debited out within the following 3 days",2.33,1.33,33.3,33.3,,,RAPID_MOVE
A-00192,RE000218,RULE,R-DEP-02,Rapid movement of funds,ACC0009516,DEPOSIT,2026-07-07 13:28:38,2026-07-07 12:28:38,"$43,752 in, $41,981 (96%) out within 1 days","External credits >= $20,000 within 3 days, and >= 80% debited out within the following 3 days",2.19,1.3,32.4,8.1,,,RAPID_MOVE
A-00192,RE000220,RULE,R-DEP-02,Rapid movement of funds,ACC0009516,DEPOSIT,2026-07-26 16:25:13,2026-07-25 14:25:13,"$47,152 in, $39,676 (84%) out within 2 days","External credits >= $20,000 within 3 days, and >= 80% debited out within the following 3 days",2.1,1.28,31.9,7.98,,,RAPID_MOVE
A-00249,ME000314,ML,M-ANOM-DEP,Deposit behaviour anomaly,ACC0009516,DEPOSIT,2026-08-30 19:19:23,2026-08-01 06:13:24,Anomaly score 0.763 - top 0.15% of deposit account-months in 2026-08,Top 1% (score >= 0.676),1.13,1.0,22.8,22.8,0.7626,"Largest single credit vs monthly income: 9.0x (typical 0.4x) | Outgoing wires: $83,319 (typical $0) | External credits vs declared income: 9.7x (typical 0.8x)",BEHAVIOUR_ANOMALY
A-00249,RE000222,RULE,R-DEP-02,Rapid movement of funds,ACC0009516,DEPOSIT,2026-08-24 17:16:53,2026-08-23 04:28:28,"$85,121 in, $74,256 (87%) out within 2 days","External credits >= $20,000 within 3 days, and >= 80% debited out within the following 3 days",2.18,1.3,32.4,32.4,,,RAPID_MOVE
A-00249,RE000221,RULE,R-DEP-02,Rapid movement of funds,ACC0009516,DEPOSIT,2026-08-02 16:29:48,2026-07-31 12:29:48,"$39,955 in, $39,471 (99%) out within 3 days","External credits >= $20,000 within 3 days, and >= 80% debited out within the following 3 days",2.0,1.25,31.2,7.8,,,RAPID_MOVE
A-00181,ME000317,ML,M-ANOM-DEP,Deposit behaviour anomaly,ACC0009638,DEPOSIT,2026-07-31 21:45:11,2026-07-01 16:16:38,Anomaly score 0.720 - top 0.40% of deposit account-months in 2026-07,Top 1% (score >= 0.676),1.06,1.0,19.0,19.0,0.7201,"Cash deposits vs expected cash: 268.3x (typical 0.0x) | External credits vs declared income: 7.7x (typical 0.8x) | Cash deposited: $26,825 (typical $0)",BEHAVIOUR_ANOMALY
A-00181,RE000330,RULE,R-DEP-05,Cash inconsistent with profile,ACC0009638,DEPOSIT,2026-07-17 09:00:00,2026-07-01 16:16:38,"$26,825 cash in 2026-07 vs expected $100/month (268.3x)","Monthly cash deposits >= $10,000 and >= 3x the party's expected monthly cash",2.68,1.42,28.4,28.4,,,CASH_PROFILE
A-00019,ME000319,ML,M-ANOM-DEP,Deposit behaviour anomaly,ACC0009802,DEPOSIT,2026-04-26 16:15:06,2026-04-02 08:17:14,Anomaly score 0.721 - top 0.39% of deposit account-months in 2026-04,Top 1% (score >= 0.676),1.07,1.0,19.2,19.2,0.7206,"Largest single credit vs monthly income: 6.7x (typical 0.4x) | Outgoing wires: $112,453 (typical $0) | External credits vs declared income: 7.6x (typical 0.8x)",BEHAVIOUR_ANOMALY
A-00019,RE000224,RULE,R-DEP-02,Rapid movement of funds,ACC0009802,DEPOSIT,2026-04-25 10:00:00,2026-04-24 10:00:00,"$130,298 in, $112,453 (86%) out within 2 days","External credits >= $20,000 within 3 days, and >= 80% debited out within the following 3 days",2.16,1.29,32.2,32.2,,,RAPID_MOVE
A-00020,ME000323,ML,M-ANOM-DEP,Deposit behaviour anomaly,ACC0009964,DEPOSIT,2026-04-30 15:04:29,2026-04-01 14:05:06,Anomaly score 0.715 - top 0.45% of deposit account-months in 2026-04,Top 1% (score >= 0.676),1.06,1.0,18.3,18.3,0.7154,"Outgoing wires: $74,735 (typical $0) | Largest single credit vs monthly income: 5.7x (typical 0.4x) | External credits vs declared income: 6.6x (typical 0.8x)",BEHAVIOUR_ANOMALY
A-00020,RE000225,RULE,R-DEP-02,Rapid movement of funds,ACC0009964,DEPOSIT,2026-04-06 17:15:45,2026-04-04 10:00:00,"$66,808 in, $60,604 (91%) out within 3 days","External credits >= $20,000 within 3 days, and >= 80% debited out within the following 3 days",2.27,1.32,32.9,32.9,,,RAPID_MOVE
A-00098,ME000325,ML,M-ANOM-DEP,Deposit behaviour anomaly,ACC0010058,DEPOSIT,2026-05-29 13:29:19,2026-05-01 07:24:14,Anomaly score 0.688 - top 0.79% of deposit account-months in 2026-05,Top 1% (score >= 0.676),1.02,1.0,13.1,13.1,0.6882,"Outgoing wires: $94,540 (typical $0) | Largest single credit vs monthly income: 3.9x (typical 0.4x) | Incoming wires: $101,531 (typical $0)",BEHAVIOUR_ANOMALY
A-00098,RE000227,RULE,R-DEP-02,Rapid movement of funds,ACC0010058,DEPOSIT,2026-05-18 15:33:52,2026-05-14 10:00:00,"$103,201 in, $98,909 (96%) out within 5 days","External credits >= $20,000 within 3 days, and >= 80% debited out within the following 3 days",2.4,1.35,33.7,33.7,,,RAPID_MOVE
A-00300,ME000326,ML,M-ANOM-DEP,Deposit behaviour anomaly,ACC0010058,DEPOSIT,2026-09-29 20:12:44,2026-09-01 15:24:42,Anomaly score 0.700 - top 0.62% of deposit account-months in 2026-09,Top 1% (score >= 0.676),1.04,1.0,15.7,15.7,0.7002,"Outgoing wires: $127,723 (typical $0) | Largest single credit vs monthly income: 5.1x (typical 0.4x) | External credits vs declared income: 5.9x (typical 0.8x)",BEHAVIOUR_ANOMALY
A-00300,RE000228,RULE,R-DEP-02,Rapid movement of funds,ACC0010058,DEPOSIT,2026-09-21 10:00:00,2026-09-20 10:00:00,"$132,818 in, $127,723 (96%) out within 2 days","External credits >= $20,000 within 3 days, and >= 80% debited out within the following 3 days",2.4,1.35,33.8,33.8,,,RAPID_MOVE
A-00246,ME000327,ML,M-ANOM-DEP,Deposit behaviour anomaly,ACC0010222,DEPOSIT,2026-08-31 07:42:03,2026-08-01 08:11:43,Anomaly score 0.724 - top 0.35% of deposit account-months in 2026-08,Top 1% (score >= 0.676),1.07,1.0,19.7,19.7,0.7243,"International wires: $26,895 (typical $0) | Outgoing wires: $35,830 (typical $0) | External credits vs declared income: 8.4x (typical 0.8x)",BEHAVIOUR_ANOMALY
A-00246,RE000265,RULE,R-DEP-03,High-risk geography wire,ACC0010222,DEPOSIT,2026-08-20 12:56:16,2026-08-20 12:56:16,"1 wire(s) totalling $8,772 with HT (largest $8,772)","Any wire >= $5,000 with a high-risk country, or >= 3 high-risk-country wires in a month",1.75,1.19,23.8,23.8,,,HR_WIRE
A-00246,RE000479,RULE,R-DEP-06,Funnel / many-to-one,ACC0010222,DEPOSIT,2026-08-28 13:57:05,2026-08-01 21:14:30,"26 inbound credits from 5 sources ($31,236), 117% moved out in 2026-08",">= 6 inbound credits from >= 4 distinct sources in a month totalling >= $8,000, with >= 70% moved out",1.25,1.06,31.9,31.9,,,FUNNEL
A-00296,ME000328,ML,M-ANOM-DEP,Deposit behaviour anomaly,ACC0010222,DEPOSIT,2026-09-30 02:22:18,2026-09-01 11:03:31,Anomaly score 0.719 - top 0.41% of deposit account-months in 2026-09,Top 1% (score >= 0.676),1.06,1.0,18.9,18.9,0.7194,"International wires: $27,248 (typical $0) | Outgoing wires: $35,979 (typical $0) | External credits vs declared income: 12.4x (typical 0.8x)",BEHAVIOUR_ANOMALY
A-00296,RE000266,RULE,R-DEP-03,High-risk geography wire,ACC0010222,DEPOSIT,2026-09-22 10:19:51,2026-09-01 11:03:31,"3 wire(s) totalling $27,248 with KP, MM, YE (largest $9,130)","Any wire >= $5,000 with a high-risk country, or >= 3 high-risk-country wires in a month",1.83,1.21,24.1,24.1,,,HR_WIRE
A-00296,RE000480,RULE,R-DEP-06,Funnel / many-to-one,ACC0010222,DEPOSIT,2026-09-30 02:22:18,2026-09-01 11:03:31,"36 inbound credits from 7 sources ($47,448), 78% moved out in 2026-09",">= 6 inbound credits from >= 4 distinct sources in a month totalling >= $8,000, with >= 70% moved out",1.75,1.19,35.6,35.6,,,FUNNEL
A-00035,ME000520,ML,M-ANOM-CRD,Card behaviour anomaly,ACC0010299,CARD,2026-04-30 22:00:00,2026-04-01 13:51:08,Anomaly score 0.730 - top 0.10% of card account-months in 2026-04,Top 1% (score >= 0.670),1.09,1.0,23.5,23.5,0.7303,"Number of cash advances: 5 (typical 0) | Cash advances: $2,840 (typical $0) | Payments vs credit limit: 1.0x (typical 0.2x)",BEHAVIOUR_ANOMALY
A-00035,RE000557,RULE,R-CRD-01,Cash-advance cycling,ACC0010299,CARD,2026-04-25 11:30:43,2026-04-04 19:18:15,"5 cash advances $2,840, repaid $3,154 in 2026-04 (0 cash payments)",">= 3 cash advances totalling >= $2,500 in a month, repaid (>= 80%) in the same month",1.14,1.03,20.7,20.7,,,CC_CASH_ADV
A-00240,ME000334,ML,M-ANOM-DEP,Deposit behaviour anomaly,ACC0010429,DEPOSIT,2026-08-30 04:50:59,2026-08-01 19:08:56,Anomaly score 0.802 - top 0.02% of deposit account-months in 2026-08,Top 1% (score >= 0.676),1.19,1.0,24.7,24.7,0.8018,"External credits vs declared income: 47.0x (typical 0.8x) | Cash deposits vs expected cash: 546.5x (typical 0.0x) | Outgoing wires: $70,891 (typical $0)",BEHAVIOUR_ANOMALY
A-00240,RE000088,RULE,R-DEP-01,Structuring,ACC0010429,DEPOSIT,2026-08-19 13:07:51,2026-08-15 15:58:10,"5 cash deposits $8,548-$9,447 in 4 days (total $45,456)",">=3 cash deposits of $8,000-$9,999 into one account within 7 days",1.67,1.17,35.0,35.0,,,STRUCT
A-00240,RE000087,RULE,R-DEP-01,Structuring,ACC0010429,DEPOSIT,2026-08-11 16:52:56,2026-08-06 09:08:22,"4 cash deposits $8,636-$9,418 in 6 days (total $35,651)",">=3 cash deposits of $8,000-$9,999 into one account within 7 days",1.33,1.08,32.5,8.12,,,STRUCT
A-00240,RE000333,RULE,R-DEP-05,Cash inconsistent with profile,ACC0010429,DEPOSIT,2026-08-28 15:26:27,2026-08-06 09:08:22,"$125,699 cash in 2026-08 vs expected $230/month (546.5x)","Monthly cash deposits >= $10,000 and >= 3x the party's expected monthly cash",12.57,1.5,30.0,30.0,,,CASH_PROFILE
A-00240,RE000483,RULE,R-DEP-06,Funnel / many-to-one,ACC0010429,DEPOSIT,2026-08-26 12:40:09,2026-08-01 19:08:56,"6 inbound credits from 5 sources ($35,094), 203% moved out in 2026-08",">= 6 inbound credits from >= 4 distinct sources in a month totalling >= $8,000, with >= 70% moved out",1.25,1.06,31.9,31.9,,,FUNNEL
A-00292,ME000335,ML,M-ANOM-DEP,Deposit behaviour anomaly,ACC0010429,DEPOSIT,2026-09-30 18:00:17,2026-09-02 09:50:55,Anomaly score 0.814 - top 0.01% of deposit account-months in 2026-09,Top 1% (score >= 0.676),1.2,1.0,24.9,24.9,0.8141,"External credits vs declared income: 42.8x (typical 0.8x) | Cash deposits vs expected cash: 502.2x (typical 0.0x) | Outgoing wires: $139,216 (typical $0)",BEHAVIOUR_ANOMALY
A-00292,RE000089,RULE,R-DEP-01,Structuring,ACC0010429,DEPOSIT,2026-09-02 10:14:25,2026-08-26 10:19:51,"6 cash deposits $8,369-$9,479 in 7 days (total $53,404)",">=3 cash deposits of $8,000-$9,999 into one account within 7 days",2.0,1.25,37.5,37.5,,,STRUCT
A-00292,RE000092,RULE,R-DEP-01,Structuring,ACC0010429,DEPOSIT,2026-09-23 16:15:39,2026-09-22 12:13:05,"5 cash deposits $8,118-$9,574 in 2 days (total $43,546)",">=3 cash deposits of $8,000-$9,999 into one account within 7 days",1.67,1.17,35.0,8.75,,,STRUCT
A-00292,RE000091,RULE,R-DEP-01,Structuring,ACC0010429,DEPOSIT,2026-09-18 14:24:36,2026-09-14 13:41:08,"4 cash deposits $8,260-$9,790 in 5 days (total $36,342)",">=3 cash deposits of $8,000-$9,999 into one account within 7 days",1.33,1.08,32.5,8.12,,,STRUCT
A-00292,RE000090,RULE,R-DEP-01,Structuring,ACC0010429,DEPOSIT,2026-09-05 13:51:37,2026-09-02 11:42:54,"3 cash deposits $8,162-$9,598 in 4 days (total $26,803)",">=3 cash deposits of $8,000-$9,999 into one account within 7 days",1.0,1.0,30.0,7.5,,,STRUCT
A-00292,RE000229,RULE,R-DEP-02,Rapid movement of funds,ACC0010429,DEPOSIT,2026-09-19 12:37:50,2026-09-17 13:10:47,"$27,576 in, $34,416 (125%) out within 2 days","External credits >= $20,000 within 3 days, and >= 80% debited out within the following 3 days",1.38,1.09,27.4,27.4,,,RAPID_MOVE
A-00292,RE000334,RULE,R-DEP-05,Cash inconsistent with profile,ACC0010429,DEPOSIT,2026-09-23 16:15:39,2026-09-02 10:14:25,"$115,503 cash in 2026-09 vs expected $230/month (502.2x)","Monthly cash deposits >= $10,000 and >= 3x the party's expected monthly cash",11.55,1.5,30.0,30.0,,,CASH_PROFILE
A-00001,ME000337,ML,M-ANOM-DEP,Deposit behaviour anomaly,ACC0010483,DEPOSIT,2026-04-30 12:34:11,2026-04-01 10:53:55,Anomaly score 0.794 - top 0.04% of deposit account-months in 2026-04,Top 1% (score >= 0.676),1.17,1.0,24.4,24.4,0.7939,"External credits vs declared income: 30.0x (typical 0.8x) | Cash deposits vs expected cash: 561.3x (typical 0.0x) | Outgoing wires: $102,703 (typical $0)",BEHAVIOUR_ANOMALY
A-00001,RE000093,RULE,R-DEP-01,Structuring,ACC0010483,DEPOSIT,2026-04-15 15:05:51,2026-04-09 15:41:58,"5 cash deposits $8,060-$9,855 in 6 days (total $45,992)",">=3 cash deposits of $8,000-$9,999 into one account within 7 days",1.67,1.17,35.0,35.0,,,STRUCT
A-00001,RE000094,RULE,R-DEP-01,Structuring,ACC0010483,DEPOSIT,2026-04-24 16:29:57,2026-04-18 12:20:35,"5 cash deposits $8,156-$9,714 in 7 days (total $43,623)",">=3 cash deposits of $8,000-$9,999 into one account within 7 days",1.67,1.17,35.0,8.75,,,STRUCT
A-00001,RE000095,RULE,R-DEP-01,Structuring,ACC0010483,DEPOSIT,2026-04-27 13:06:11,2026-04-26 10:37:52,"3 cash deposits $9,258-$9,653 in 2 days (total $28,257)",">=3 cash deposits of $8,000-$9,999 into one account within 7 days",1.0,1.0,30.0,7.5,,,STRUCT
A-00001,RE000230,RULE,R-DEP-02,Rapid movement of funds,ACC0010483,DEPOSIT,2026-04-30 12:34:11,2026-04-24 16:29:57,"$37,190 in, $32,815 (88%) out within 6 days","External credits >= $20,000 within 3 days, and >= 80% debited out within the following 3 days",1.86,1.21,30.4,30.4,,,RAPID_MOVE
A-00001,RE000335,RULE,R-DEP-05,Cash inconsistent with profile,ACC0010483,DEPOSIT,2026-04-27 13:06:11,2026-04-09 15:41:58,"$117,873 cash in 2026-04 vs expected $210/month (561.3x)","Monthly cash deposits >= $10,000 and >= 3x the party's expected monthly cash",11.79,1.5,30.0,30.0,,,CASH_PROFILE
A-00001,RE000484,RULE,R-DEP-06,Funnel / many-to-one,ACC0010483,DEPOSIT,2026-04-30 12:34:11,2026-04-02 16:49:11,"6 inbound credits from 5 sources ($44,442), 233% moved out in 2026-04",">= 6 inbound credits from >= 4 distinct sources in a month totalling >= $8,000, with >= 70% moved out",1.25,1.06,31.9,31.9,,,FUNNEL
A-00055,ME000338,ML,M-ANOM-DEP,Deposit behaviour anomaly,ACC0010483,DEPOSIT,2026-05-29 13:03:18,2026-05-02 17:33:35,Anomaly score 0.796 - top 0.03% of deposit account-months in 2026-05,Top 1% (score >= 0.676),1.18,1.0,24.5,24.5,0.7959,"External credits vs declared income: 20.4x (typical 0.8x) | Cash deposits vs expected cash: 378.3x (typical 0.0x) | International wires: $36,955 (typical $0)",BEHAVIOUR_ANOMALY
A-00055,RE000097,RULE,R-DEP-01,Structuring,ACC0010483,DEPOSIT,2026-05-18 15:05:02,2026-05-13 15:02:09,"5 cash deposits $8,416-$9,254 in 6 days (total $44,521)",">=3 cash deposits of $8,000-$9,999 into one account within 7 days",1.67,1.17,35.0,35.0,,,STRUCT
A-00055,RE000096,RULE,R-DEP-01,Structuring,ACC0010483,DEPOSIT,2026-05-08 16:54:58,2026-05-05 11:18:03,"4 cash deposits $8,146-$8,965 in 4 days (total $34,921)",">=3 cash deposits of $8,000-$9,999 into one account within 7 days",1.33,1.08,32.5,8.12,,,STRUCT
A-00055,RE000232,RULE,R-DEP-02,Rapid movement of funds,ACC0010483,DEPOSIT,2026-05-22 10:53:47,2026-05-17 16:21:25,"$28,118 in, $36,955 (131%) out within 5 days","External credits >= $20,000 within 3 days, and >= 80% debited out within the following 3 days",1.41,1.1,27.5,27.5,,,RAPID_MOVE
A-00055,RE000231,RULE,R-DEP-02,Rapid movement of funds,ACC0010483,DEPOSIT,2026-05-11 12:41:02,2026-05-06 04:29:53,"$27,600 in, $28,305 (103%) out within 6 days","External credits >= $20,000 within 3 days, and >= 80% debited out within the following 3 days",1.38,1.09,27.4,6.85,,,RAPID_MOVE
A-00055,RE000336,RULE,R-DEP-05,Cash inconsistent with profile,ACC0010483,DEPOSIT,2026-05-18 15:05:02,2026-05-05 11:18:03,"$79,441 cash in 2026-05 vs expected $210/month (378.3x)","Monthly cash deposits >= $10,000 and >= 3x the party's expected monthly cash",7.94,1.5,30.0,30.0,,,CASH_PROFILE
A-00114,ME000339,ML,M-ANOM-DEP,Deposit behaviour anomaly,ACC0010483,DEPOSIT,2026-06-29 08:32:07,2026-06-01 10:40:11,Anomaly score 0.804 - top 0.02% of deposit account-months in 2026-06,Top 1% (score >= 0.676),1.19,1.0,24.8,24.8,0.8038,"External credits vs declared income: 30.0x (typical 0.8x) | Cash deposits vs expected cash: 563.5x (typical 0.0x) | Outgoing wires: $107,263 (typical $0)",BEHAVIOUR_ANOMALY
A-00114,RE000098,RULE,R-DEP-01,Structuring,ACC0010483,DEPOSIT,2026-06-06 12:01:10,2026-06-01 10:40:11,"5 cash deposits $8,626-$9,853 in 6 days (total $45,688)",">=3 cash deposits of $8,000-$9,999 into one account within 7 days",1.67,1.17,35.0,35.0,,,STRUCT
A-00114,RE000099,RULE,R-DEP-01,Structuring,ACC0010483,DEPOSIT,2026-06-16 13:32:54,2026-06-12 16:44:26,"4 cash deposits $8,622-$9,800 in 4 days (total $36,942)",">=3 cash deposits of $8,000-$9,999 into one account within 7 days",1.33,1.08,32.5,8.12,,,STRUCT
A-00114,RE000100,RULE,R-DEP-01,Structuring,ACC0010483,DEPOSIT,2026-06-22 14:53:00,2026-06-20 16:54:14,"4 cash deposits $8,267-$9,374 in 2 days (total $35,696)",">=3 cash deposits of $8,000-$9,999 into one account within 7 days",1.33,1.08,32.5,8.12,,,STRUCT
A-00114,RE000337,RULE,R-DEP-05,Cash inconsistent with profile,ACC0010483,DEPOSIT,2026-06-22 14:53:00,2026-06-01 10:40:11,"$118,326 cash in 2026-06 vs expected $210/month (563.5x)","Monthly cash deposits >= $10,000 and >= 3x the party's expected monthly cash",11.83,1.5,30.0,30.0,,,CASH_PROFILE
A-00114,RE000485,RULE,R-DEP-06,Funnel / many-to-one,ACC0010483,DEPOSIT,2026-06-29 08:32:07,2026-06-05 09:06:56,"7 inbound credits from 7 sources ($46,064), 235% moved out in 2026-06",">= 6 inbound credits from >= 4 distinct sources in a month totalling >= $8,000, with >= 70% moved out",1.75,1.19,35.6,35.6,,,FUNNEL
A-00150,ME000341,ML,M-ANOM-DEP,Deposit behaviour anomaly,ACC0010582,DEPOSIT,2026-06-29 12:11:26,2026-06-01 05:12:31,Anomaly score 0.704 - top 0.54% of deposit account-months in 2026-06,Top 1% (score >= 0.676),1.04,1.0,16.9,16.9,0.7045,"Outgoing wires: $126,302 (typical $0) | Largest single credit vs monthly income: 7.1x (typical 0.4x) | External credits vs declared income: 8.4x (typical 0.8x)",BEHAVIOUR_ANOMALY
A-00150,RE000233,RULE,R-DEP-02,Rapid movement of funds,ACC0010582,DEPOSIT,2026-06-12 10:00:00,2026-06-10 10:00:00,"$146,780 in, $126,302 (86%) out within 3 days","External credits >= $20,000 within 3 days, and >= 80% debited out within the following 3 days",2.15,1.29,32.2,32.2,,,RAPID_MOVE
A-00010,ME000342,ML,M-ANOM-DEP,Deposit behaviour anomaly,ACC0010607,DEPOSIT,2026-04-29 17:39:18,2026-04-01 15:51:57,Anomaly score 0.716 - top 0.44% of deposit account-months in 2026-04,Top 1% (score >= 0.676),1.06,1.0,18.4,18.4,0.7159,"External credits vs declared income: 35.4x (typical 0.8x) | Cash deposited: $129,929 (typical $0) | Largest single credit vs monthly income: 2.8x (typical 0.4x)",BEHAVIOUR_ANOMALY
A-00010,RE000102,RULE,R-DEP-01,Structuring,ACC0010607,DEPOSIT,2026-04-24 16:21:02,2026-04-17 16:30:30,"4 cash deposits $8,635-$9,715 in 7 days (total $36,529)",">=3 cash deposits of $8,000-$9,999 into one account within 7 days",1.33,1.08,32.5,32.5,,,STRUCT
A-00010,RE000101,RULE,R-DEP-01,Structuring,ACC0010607,DEPOSIT,2026-04-12 15:18:00,2026-04-08 15:50:20,"3 cash deposits $8,743-$9,743 in 4 days (total $27,729)",">=3 cash deposits of $8,000-$9,999 into one account within 7 days",1.0,1.0,30.0,7.5,,,STRUCT
A-00161,ME000344,ML,M-ANOM-DEP,Deposit behaviour anomaly,ACC0010607,DEPOSIT,2026-06-30 15:04:16,2026-06-02 10:35:31,Anomaly score 0.699 - top 0.66% of deposit account-months in 2026-06,Top 1% (score >= 0.676),1.03,1.0,15.2,15.2,0.6988,"External credits vs declared income: 30.7x (typical 0.8x) | Cash deposited: $112,765 (typical $0) | Largest single credit vs monthly income: 2.8x (typical 0.4x)",BEHAVIOUR_ANOMALY
A-00161,RE000103,RULE,R-DEP-01,Structuring,ACC0010607,DEPOSIT,2026-06-10 17:06:02,2026-06-03 17:15:40,"3 cash deposits $9,449-$9,769 in 7 days (total $28,926)",">=3 cash deposits of $8,000-$9,999 into one account within 7 days",1.0,1.0,30.0,30.0,,,STRUCT
A-00219,ME000345,ML,M-ANOM-DEP,Deposit behaviour anomaly,ACC0010607,DEPOSIT,2026-07-31 17:57:49,2026-07-01 17:32:30,Anomaly score 0.700 - top 0.63% of deposit account-months in 2026-07,Top 1% (score >= 0.676),1.03,1.0,15.5,15.5,0.7,"External credits vs declared income: 35.5x (typical 0.8x) | Cash deposited: $131,098 (typical $0) | Largest single credit vs monthly income: 2.8x (typical 0.4x)",BEHAVIOUR_ANOMALY
A-00219,RE000104,RULE,R-DEP-01,Structuring,ACC0010607,DEPOSIT,2026-07-22 16:57:45,2026-07-17 16:49:12,"3 cash deposits $8,175-$9,976 in 6 days (total $26,455)",">=3 cash deposits of $8,000-$9,999 into one account within 7 days",1.0,1.0,30.0,30.0,,,STRUCT
A-00253,ME000346,ML,M-ANOM-DEP,Deposit behaviour anomaly,ACC0010607,DEPOSIT,2026-08-31 13:59:01,2026-08-01 09:03:33,Anomaly score 0.713 - top 0.46% of deposit account-months in 2026-08,Top 1% (score >= 0.676),1.05,1.0,18.1,18.1,0.7131,"External credits vs declared income: 35.3x (typical 0.8x) | Cash deposited: $129,934 (typical $0) | Largest single credit vs monthly income: 2.8x (typical 0.4x)",BEHAVIOUR_ANOMALY
A-00253,RE000105,RULE,R-DEP-01,Structuring,ACC0010607,DEPOSIT,2026-08-02 15:11:57,2026-07-26 16:44:13,"3 cash deposits $9,686-$9,873 in 7 days (total $29,422)",">=3 cash deposits of $8,000-$9,999 into one account within 7 days",1.0,1.0,30.0,30.0,,,STRUCT
A-00253,RE000106,RULE,R-DEP-01,Structuring,ACC0010607,DEPOSIT,2026-08-26 15:07:47,2026-08-21 16:03:05,"3 cash deposits $8,906-$9,548 in 5 days (total $27,577)",">=3 cash deposits of $8,000-$9,999 into one account within 7 days",1.0,1.0,30.0,7.5,,,STRUCT
A-00304,ME000347,ML,M-ANOM-DEP,Deposit behaviour anomaly,ACC0010607,DEPOSIT,2026-09-30 16:49:21,2026-09-01 10:58:13,Anomaly score 0.709 - top 0.49% of deposit account-months in 2026-09,Top 1% (score >= 0.676),1.05,1.0,17.6,17.6,0.7086,"External credits vs declared income: 34.3x (typical 0.8x) | Cash deposited: $126,830 (typical $0) | Largest single credit vs monthly income: 2.8x (typical 0.4x)",BEHAVIOUR_ANOMALY
A-00304,RE000107,RULE,R-DEP-01,Structuring,ACC0010607,DEPOSIT,2026-09-06 15:41:34,2026-08-30 17:07:29,"3 cash deposits $8,524-$9,527 in 7 days (total $27,569)",">=3 cash deposits of $8,000-$9,999 into one account within 7 days",1.0,1.0,30.0,30.0,,,STRUCT
A-00109,ME000522,ML,M-ANOM-CRD,Card behaviour anomaly,ACC0010619,CARD,2026-05-31 22:43:37,2026-05-01 14:53:13,Anomaly score 0.682 - top 0.63% of card account-months in 2026-05,Top 1% (score >= 0.670),1.02,1.0,15.6,15.6,0.6823,"Cash advances: $3,320 (typical $0) | Number of cash advances: 5 (typical 0) | Payments vs credit limit: 0.6x (typical 0.2x)",BEHAVIOUR_ANOMALY
A-00109,RE000558,RULE,R-CRD-01,Cash-advance cycling,ACC0010619,CARD,2026-05-25 14:19:35,2026-05-01 14:53:13,"5 cash advances $3,320, repaid $3,923 in 2026-05 (0 cash payments)",">= 3 cash advances totalling >= $2,500 in a month, repaid (>= 80%) in the same month",1.33,1.08,21.6,21.6,,,CC_CASH_ADV
A-00278,ME000351,ML,M-ANOM-DEP,Deposit behaviour anomaly,ACC0010630,DEPOSIT,2026-08-31 15:30:21,2026-08-01 11:36:36,Anomaly score 0.685 - top 0.85% of deposit account-months in 2026-08,Top 1% (score >= 0.676),1.01,1.0,12.2,12.2,0.6848,"Distinct inbound senders: 28 (typical 1) | External credits vs declared income: 17.9x (typical 0.8x) | Outgoing wires: $7,467 (typical $0)",BEHAVIOUR_ANOMALY
A-00278,RE000486,RULE,R-DEP-06,Funnel / many-to-one,ACC0010630,DEPOSIT,2026-08-31 15:30:21,2026-08-01 12:19:35,"27 inbound credits from 27 sources ($8,694), 86% moved out in 2026-08",">= 6 inbound credits from >= 4 distinct sources in a month totalling >= $8,000, with >= 70% moved out",1.09,1.02,30.7,30.7,,,FUNNEL
A-00057,ME000354,ML,M-ANOM-DEP,Deposit behaviour anomaly,ACC0010706,DEPOSIT,2026-05-29 14:20:51,2026-05-01 12:26:55,Anomaly score 0.786 - top 0.05% of deposit account-months in 2026-05,Top 1% (score >= 0.676),1.16,1.0,24.2,24.2,0.7856,"Cash deposits vs expected cash: 175.1x (typical 0.0x) | International wires: $39,458 (typical $0) | Outgoing wires: $69,085 (typical $0)",BEHAVIOUR_ANOMALY
A-00057,RE000109,RULE,R-DEP-01,Structuring,ACC0010706,DEPOSIT,2026-05-28 11:58:43,2026-05-24 12:30:45,"5 cash deposits $8,073-$9,173 in 4 days (total $42,684)",">=3 cash deposits of $8,000-$9,999 into one account within 7 days",1.67,1.17,35.0,35.0,,,STRUCT
A-00057,RE000108,RULE,R-DEP-01,Structuring,ACC0010706,DEPOSIT,2026-05-16 09:43:39,2026-05-12 10:24:04,"4 cash deposits $8,130-$9,392 in 4 days (total $36,110)",">=3 cash deposits of $8,000-$9,999 into one account within 7 days",1.33,1.08,32.5,8.12,,,STRUCT
A-00057,RE000234,RULE,R-DEP-02,Rapid movement of funds,ACC0010706,DEPOSIT,2026-05-29 14:20:51,2026-05-24 12:30:45,"$26,122 in, $39,458 (151%) out within 6 days","External credits >= $20,000 within 3 days, and >= 80% debited out within the following 3 days",1.31,1.08,26.9,26.9,,,RAPID_MOVE
A-00057,RE000340,RULE,R-DEP-05,Cash inconsistent with profile,ACC0010706,DEPOSIT,2026-05-28 11:58:43,2026-05-12 10:24:04,"$78,793 cash in 2026-05 vs expected $450/month (175.1x)","Monthly cash deposits >= $10,000 and >= 3x the party's expected monthly cash",7.88,1.5,30.0,30.0,,,CASH_PROFILE
A-00117,ME000355,ML,M-ANOM-DEP,Deposit behaviour anomaly,ACC0010706,DEPOSIT,2026-06-30 21:55:27,2026-06-01 09:42:53,Anomaly score 0.798 - top 0.03% of deposit account-months in 2026-06,Top 1% (score >= 0.676),1.18,1.0,24.6,24.6,0.7984,"External credits vs declared income: 16.5x (typical 0.8x) | Cash deposits vs expected cash: 262.2x (typical 0.0x) | Outgoing wires: $108,251 (typical $0)",BEHAVIOUR_ANOMALY
A-00117,RE000111,RULE,R-DEP-01,Structuring,ACC0010706,DEPOSIT,2026-06-15 12:38:29,2026-06-10 11:46:01,"5 cash deposits $8,888-$9,395 in 6 days (total $45,844)",">=3 cash deposits of $8,000-$9,999 into one account within 7 days",1.67,1.17,35.0,35.0,,,STRUCT
A-00117,RE000112,RULE,R-DEP-01,Structuring,ACC0010706,DEPOSIT,2026-06-26 16:33:50,2026-06-24 12:43:07,"5 cash deposits $8,598-$9,883 in 3 days (total $45,845)",">=3 cash deposits of $8,000-$9,999 into one account within 7 days",1.67,1.17,35.0,8.75,,,STRUCT
A-00117,RE000110,RULE,R-DEP-01,Structuring,ACC0010706,DEPOSIT,2026-06-06 10:15:29,2026-06-02 11:05:22,"3 cash deposits $8,312-$9,574 in 4 days (total $26,308)",">=3 cash deposits of $8,000-$9,999 into one account within 7 days",1.0,1.0,30.0,7.5,,,STRUCT
A-00117,RE000341,RULE,R-DEP-05,Cash inconsistent with profile,ACC0010706,DEPOSIT,2026-06-26 16:33:50,2026-06-02 11:05:22,"$117,997 cash in 2026-06 vs expected $450/month (262.2x)","Monthly cash deposits >= $10,000 and >= 3x the party's expected monthly cash",11.8,1.5,30.0,30.0,,,CASH_PROFILE
A-00183,ME000356,ML,M-ANOM-DEP,Deposit behaviour anomaly,ACC0010706,DEPOSIT,2026-07-31 02:33:49,2026-07-01 08:14:31,Anomaly score 0.776 - top 0.09% of deposit account-months in 2026-07,Top 1% (score >= 0.676),1.15,1.0,23.6,23.6,0.7758,"Cash deposits vs expected cash: 216.3x (typical 0.0x) | External credits vs declared income: 14.2x (typical 0.8x) | Outgoing wires: $87,302 (typical $0)",BEHAVIOUR_ANOMALY
A-00183,RE000113,RULE,R-DEP-01,Structuring,ACC0010706,DEPOSIT,2026-07-11 15:54:58,2026-07-04 16:45:39,"5 cash deposits $8,003-$9,595 in 7 days (total $43,854)",">=3 cash deposits of $8,000-$9,999 into one account within 7 days",1.67,1.17,35.0,35.0,,,STRUCT
A-00183,RE000114,RULE,R-DEP-01,Structuring,ACC0010706,DEPOSIT,2026-07-23 16:21:34,2026-07-20 09:31:22,"5 cash deposits $8,004-$9,581 in 4 days (total $43,774)",">=3 cash deposits of $8,000-$9,999 into one account within 7 days",1.67,1.17,35.0,8.75,,,STRUCT
A-00183,RE000235,RULE,R-DEP-02,Rapid movement of funds,ACC0010706,DEPOSIT,2026-07-08 11:33:30,2026-07-04 16:45:39,"$26,256 in, $24,133 (92%) out within 4 days","External credits >= $20,000 within 3 days, and >= 80% debited out within the following 3 days",1.31,1.08,27.0,27.0,,,RAPID_MOVE
A-00183,RE000342,RULE,R-DEP-05,Cash inconsistent with profile,ACC0010706,DEPOSIT,2026-07-23 16:21:34,2026-07-04 16:45:39,"$97,318 cash in 2026-07 vs expected $450/month (216.3x)","Monthly cash deposits >= $10,000 and >= 3x the party's expected monthly cash",9.73,1.5,30.0,30.0,,,CASH_PROFILE
A-00061,ME000357,ML,M-ANOM-DEP,Deposit behaviour anomaly,ACC0010707,DEPOSIT,2026-05-31 08:49:40,2026-05-01 19:46:57,Anomaly score 0.776 - top 0.10% of deposit account-months in 2026-05,Top 1% (score >= 0.676),1.15,1.0,23.5,23.5,0.7756,"Cash deposits vs expected cash: 108.1x (typical 0.0x) | External credits vs declared income: 12.1x (typical 0.8x) | International wires: $31,933 (typical $0)",BEHAVIOUR_ANOMALY
A-00061,RE000343,RULE,R-DEP-05,Cash inconsistent with profile,ACC0010707,DEPOSIT,2026-05-27 16:46:28,2026-05-04 11:39:09,"$48,653 cash in 2026-05 vs expected $450/month (108.1x)","Monthly cash deposits >= $10,000 and >= 3x the party's expected monthly cash",4.87,1.5,30.0,30.0,,,CASH_PROFILE
A-00061,RE000487,RULE,R-DEP-06,Funnel / many-to-one,ACC0010707,DEPOSIT,2026-05-31 08:49:40,2026-05-01 19:46:57,"15 inbound credits from 15 sources ($49,266), 89% moved out in 2026-05",">= 6 inbound credits from >= 4 distinct sources in a month totalling >= $8,000, with >= 70% moved out",3.75,1.5,45.0,45.0,,,FUNNEL
A-00121,ME000358,ML,M-ANOM-DEP,Deposit behaviour anomaly,ACC0010707,DEPOSIT,2026-06-30 10:36:53,2026-06-01 09:57:44,Anomaly score 0.778 - top 0.07% of deposit account-months in 2026-06,Top 1% (score >= 0.676),1.15,1.0,23.9,23.9,0.7776,"Cash deposits vs expected cash: 106.8x (typical 0.0x) | External credits vs declared income: 11.8x (typical 0.8x) | International wires: $29,296 (typical $0)",BEHAVIOUR_ANOMALY
A-00121,RE000344,RULE,R-DEP-05,Cash inconsistent with profile,ACC0010707,DEPOSIT,2026-06-26 09:09:06,2026-06-01 13:26:37,"$48,044 cash in 2026-06 vs expected $450/month (106.8x)","Monthly cash deposits >= $10,000 and >= 3x the party's expected monthly cash",4.8,1.5,30.0,30.0,,,CASH_PROFILE
A-00121,RE000488,RULE,R-DEP-06,Funnel / many-to-one,ACC0010707,DEPOSIT,2026-06-30 10:36:53,2026-06-01 09:57:44,"18 inbound credits from 18 sources ($48,044), 92% moved out in 2026-06",">= 6 inbound credits from >= 4 distinct sources in a month totalling >= $8,000, with >= 70% moved out",4.5,1.5,45.0,45.0,,,FUNNEL
A-00237,RE000491,RULE,R-DEP-06,Funnel / many-to-one,ACC0010710,DEPOSIT,2026-07-29 02:00:44,2026-07-01 07:16:05,"9 inbound credits from 9 sources ($13,498), 95% moved out in 2026-07",">= 6 inbound credits from >= 4 distinct sources in a month totalling >= $8,000, with >= 70% moved out",1.69,1.17,35.2,35.2,,,FUNNEL
A-00095,ME000359,ML,M-ANOM-DEP,Deposit behaviour anomaly,ACC0010711,DEPOSIT,2026-05-31 15:19:23,2026-05-02 21:08:33,Anomaly score 0.706 - top 0.52% of deposit account-months in 2026-05,Top 1% (score >= 0.676),1.04,1.0,17.2,17.2,0.7063,"Outgoing wires: $41,296 (typical $0) | Share of credits moved straight out: 300% (typical 7%) | International wires: $41,296 (typical $0)",BEHAVIOUR_ANOMALY
A-00095,RE000267,RULE,R-DEP-03,High-risk geography wire,ACC0010711,DEPOSIT,2026-05-30 13:35:59,2026-05-09 15:54:25,"3 wire(s) totalling $41,296 with IR, SY (largest $15,969)","Any wire >= $5,000 with a high-risk country, or >= 3 high-risk-country wires in a month",3.19,1.5,30.0,30.0,,,HR_WIRE
A-00210,ME000360,ML,M-ANOM-DEP,Deposit behaviour anomaly,ACC0010711,DEPOSIT,2026-07-31 12:23:48,2026-07-01 08:32:38,Anomaly score 0.708 - top 0.49% of deposit account-months in 2026-07,Top 1% (score >= 0.676),1.05,1.0,17.6,17.6,0.7084,"Outgoing wires: $62,869 (typical $0) | Share of credits moved straight out: 300% (typical 7%) | International wires: $62,869 (typical $0)",BEHAVIOUR_ANOMALY
A-00210,RE000268,RULE,R-DEP-03,High-risk geography wire,ACC0010711,DEPOSIT,2026-07-22 11:26:17,2026-07-05 09:27:34,"2 wire(s) totalling $62,869 with MM, SS (largest $37,947)","Any wire >= $5,000 with a high-risk country, or >= 3 high-risk-country wires in a month",7.59,1.5,30.0,30.0,,,HR_WIRE
A-00271,ME000361,ML,M-ANOM-DEP,Deposit behaviour anomaly,ACC0010712,DEPOSIT,2026-08-24 15:18:04,2026-08-12 14:05:19,Anomaly score 0.762 - top 0.15% of deposit account-months in 2026-08,Top 1% (score >= 0.676),1.13,1.0,22.7,22.7,0.7617,Largest single credit vs monthly income: 6.2x (typical 0.4x) | External credits vs declared income: 8.1x (typical 0.8x) | Cash deposits vs expected cash: 32.8x (typical 0.0x),BEHAVIOUR_ANOMALY
A-00271,RE000274,RULE,R-DEP-04,Dormant account reactivation,ACC0010712,DEPOSIT,2026-08-24 15:18:04,2026-08-12 14:05:19,"Dormant 880 days, then $41,208 credited and $39,972 debited within 30 days","No customer activity for >= 180 days, then >= $10,000 of credits within 30 days of reactivation",4.12,1.5,22.5,22.5,,,DORMANT
A-00217,ME000362,ML,M-ANOM-DEP,Deposit behaviour anomaly,ACC0010713,DEPOSIT,2026-07-25 09:57:48,2026-07-13 15:02:19,Anomaly score 0.773 - top 0.11% of deposit account-months in 2026-07,Top 1% (score >= 0.676),1.14,1.0,23.3,23.3,0.7725,"International wires: $12,864 (typical $0) | Largest single credit vs monthly income: 3.9x (typical 0.4x) | External credits vs declared income: 6.0x (typical 0.8x)",BEHAVIOUR_ANOMALY
A-00217,RE000273,RULE,R-DEP-04,Dormant account reactivation,ACC0010713,DEPOSIT,2026-07-25 09:57:48,2026-07-13 15:02:19,"Dormant 605 days, then $62,788 credited and $60,904 debited within 30 days","No customer activity for >= 180 days, then >= $10,000 of credits within 30 days of reactivation",6.28,1.5,22.5,22.5,,,DORMANT
A-00223,ME000363,ML,M-ANOM-DEP,Deposit behaviour anomaly,ACC0010714,DEPOSIT,2026-07-25 12:40:59,2026-07-09 13:56:20,Anomaly score 0.747 - top 0.21% of deposit account-months in 2026-07,Top 1% (score >= 0.676),1.11,1.0,21.8,21.8,0.7474,Largest single credit vs monthly income: 3.7x (typical 0.4x) | Cash deposits vs expected cash: 43.2x (typical 0.0x) | External credits vs declared income: 6.4x (typical 0.8x),BEHAVIOUR_ANOMALY
A-00223,RE000272,RULE,R-DEP-04,Dormant account reactivation,ACC0010714,DEPOSIT,2026-07-25 12:40:59,2026-07-09 13:56:20,"Dormant 632 days, then $16,470 credited and $15,976 debited within 30 days","No customer activity for >= 180 days, then >= $10,000 of credits within 30 days of reactivation",1.65,1.16,17.4,17.4,,,DORMANT
A-00273,ME000364,ML,M-ANOM-DEP,Deposit behaviour anomaly,ACC0010715,DEPOSIT,2026-08-27 12:02:16,2026-08-12 15:00:27,Anomaly score 0.751 - top 0.19% of deposit account-months in 2026-08,Top 1% (score >= 0.676),1.11,1.0,22.2,22.2,0.7514,External credits vs declared income: 8.3x (typical 0.8x) | Largest single credit vs monthly income: 3.6x (typical 0.4x) | Cash deposits vs expected cash: 28.8x (typical 0.0x),BEHAVIOUR_ANOMALY
A-00273,RE000275,RULE,R-DEP-04,Dormant account reactivation,ACC0010715,DEPOSIT,2026-08-27 12:02:16,2026-08-12 15:00:27,"Dormant 1246 days, then $34,611 credited and $33,573 debited within 30 days","No customer activity for >= 180 days, then >= $10,000 of credits within 30 days of reactivation",3.46,1.5,22.5,22.5,,,DORMANT
A-00007,RE000562,RULE,R-CRD-02,Overpayment and credit-balance refund,ACC0010716,CARD,2026-04-23 09:39:58,2026-04-12 15:25:19,"Credit-balance refund $12,061 after 2 payment(s) of $19,190 in prior 30 days","Credit-balance refund >= $1,500 issued after card overpayment",8.04,1.5,33.0,33.0,,,CC_OVERPAY_REFUND
A-00007,RE000561,RULE,R-CRD-02,Overpayment and credit-balance refund,ACC0010716,CARD,2026-04-20 15:25:19,2026-04-12 15:25:19,"Credit-balance refund $4,285 after 2 payment(s) of $19,190 in prior 30 days","Credit-balance refund >= $1,500 issued after card overpayment",2.86,1.46,32.2,8.05,,,CC_OVERPAY_REFUND
A-00007,RE001019,RULE,R-XP-01,Cash-funded credit paydown (cross-product),ACC0010716,CROSS_PRODUCT,2026-04-25 12:46:54,2026-04-12 15:25:19,"$19,190 cash in over 8 days across 1 account(s); $19,316 paid down on credit (CARD)","Party cash-in >= $10,000 (and >= 2x expected cash) within 21 days, with >= 50% used to pay down cards/loans",1.92,1.23,30.7,30.7,,,XP_CASH_TO_CREDIT
A-00202,ME000526,ML,M-ANOM-CRD,Card behaviour anomaly,ACC0010717,CARD,2026-07-31 22:04:50,2026-07-01 11:14:49,Anomaly score 0.714 - top 0.16% of card account-months in 2026-07,Top 1% (score >= 0.670),1.07,1.0,22.6,22.6,0.7139,"Payments from third parties: $3,997 (typical $0) | Payments vs credit limit: 2.2x (typical 0.2x) | Distinct third-party payors: 1 (typical 0)",BEHAVIOUR_ANOMALY
A-00202,RE000586,RULE,R-CRD-02,Overpayment and credit-balance refund,ACC0010717,CARD,2026-07-29 09:45:02,2026-07-19 09:45:02,"Credit-balance refund $3,736 after 2 payment(s) of $5,785 in prior 30 days","Credit-balance refund >= $1,500 issued after card overpayment",2.49,1.37,30.2,30.2,,,CC_OVERPAY_REFUND
A-00244,ME000527,ML,M-ANOM-CRD,Card behaviour anomaly,ACC0010717,CARD,2026-08-30 16:42:03,2026-08-01 10:40:21,Anomaly score 0.739 - top 0.08% of card account-months in 2026-08,Top 1% (score >= 0.670),1.1,1.0,23.8,23.8,0.7388,"Payments from third parties: $7,037 (typical $0) | Payments vs credit limit: 7.9x (typical 0.2x) | Distinct third-party payors: 1 (typical 0)",BEHAVIOUR_ANOMALY
A-00244,RE000591,RULE,R-CRD-02,Overpayment and credit-balance refund,ACC0010717,CARD,2026-08-20 10:42:51,2026-07-23 14:24:37,"Credit-balance refund $11,124 after 3 payment(s) of $20,623 in prior 30 days","Credit-balance refund >= $1,500 issued after card overpayment",7.42,1.5,33.0,33.0,,,CC_OVERPAY_REFUND
A-00244,RE000593,RULE,R-CRD-02,Overpayment and credit-balance refund,ACC0010717,CARD,2026-08-22 15:36:54,2026-08-08 10:42:51,"Credit-balance refund $6,453 after 2 payment(s) of $18,835 in prior 30 days","Credit-balance refund >= $1,500 issued after card overpayment",4.3,1.5,33.0,8.25,,,CC_OVERPAY_REFUND
A-00244,RE001030,RULE,R-XP-01,Cash-funded credit paydown (cross-product),ACC0010717,CROSS_PRODUCT,2026-08-10 15:36:54,2026-08-08 10:42:51,"$11,799 cash in over 1 days across 1 account(s); $18,835 paid down on credit (CARD)","Party cash-in >= $10,000 (and >= 2x expected cash) within 21 days, with >= 50% used to pay down cards/loans",1.18,1.04,26.1,26.1,,,XP_CASH_TO_CREDIT
A-00048,ME000528,ML,M-ANOM-CRD,Card behaviour anomaly,ACC0010718,CARD,2026-04-28 13:04:31,2026-04-02 18:54:01,Anomaly score 0.676 - top 0.81% of card account-months in 2026-04,Top 1% (score >= 0.670),1.01,1.0,12.8,12.8,0.6764,"Payments from third parties: $2,499 (typical $0) | Payments vs credit limit: 0.8x (typical 0.2x) | Distinct third-party payors: 1 (typical 0)",BEHAVIOUR_ANOMALY
A-00048,RE000563,RULE,R-CRD-02,Overpayment and credit-balance refund,ACC0010718,CARD,2026-04-28 13:04:31,2026-04-16 11:01:06,"Credit-balance refund $1,805 after 2 payment(s) of $3,790 in prior 30 days","Credit-balance refund >= $1,500 issued after card overpayment",1.2,1.05,23.1,23.1,,,CC_OVERPAY_REFUND
A-00152,ME000529,ML,M-ANOM-CRD,Card behaviour anomaly,ACC0010718,CARD,2026-06-26 22:02:44,2026-06-01 11:37:21,Anomaly score 0.690 - top 0.50% of card account-months in 2026-06,Top 1% (score >= 0.670),1.03,1.0,17.5,17.5,0.6901,"Payments from third parties: $3,420 (typical $0) | Payments vs credit limit: 0.9x (typical 0.2x) | Distinct third-party payors: 1 (typical 0)",BEHAVIOUR_ANOMALY
A-00152,RE000576,RULE,R-CRD-02,Overpayment and credit-balance refund,ACC0010718,CARD,2026-06-16 14:17:26,2026-05-22 15:22:42,"Credit-balance refund $2,456 after 3 payment(s) of $6,959 in prior 30 days","Credit-balance refund >= $1,500 issued after card overpayment",1.64,1.16,25.5,25.5,,,CC_OVERPAY_REFUND
A-00152,RE000569,RULE,R-CRD-02,Overpayment and credit-balance refund,ACC0010718,CARD,2026-06-01 15:22:42,2026-05-16 14:33:42,"Credit-balance refund $1,557 after 2 payment(s) of $3,250 in prior 30 days","Credit-balance refund >= $1,500 issued after card overpayment",1.04,1.01,22.2,5.55,,,CC_OVERPAY_REFUND
A-00157,ME000532,ML,M-ANOM-CRD,Card behaviour anomaly,ACC0010721,CARD,2026-06-30 22:00:00,2026-06-02 09:21:52,Anomaly score 0.769 - top 0.00% of card account-months in 2026-06,Top 1% (score >= 0.670),1.15,1.0,25.0,25.0,0.7692,"Payments from third parties: $13,801 (typical $0) | Distinct third-party payors: 6 (typical 0) | Spend vs usual month: 10.9x (typical 1.0x)",BEHAVIOUR_ANOMALY
A-00157,RE000625,RULE,R-CRD-03,Third-party card payments,ACC0010721,CARD,2026-06-25 09:03:56,2026-06-07 09:49:45,"6 payments from 6 third parties totalling $13,801 in 2026-06","Card payments from >= 2 distinct third parties totalling >= $2,000 in a month",6.9,1.5,22.5,22.5,,,CC_3P_PAY
A-00213,ME000533,ML,M-ANOM-CRD,Card behaviour anomaly,ACC0010721,CARD,2026-07-31 22:00:00,2026-07-01 08:27:20,Anomaly score 0.759 - top 0.02% of card account-months in 2026-07,Top 1% (score >= 0.670),1.13,1.0,24.7,24.7,0.759,"Payments from third parties: $12,036 (typical $0) | Distinct third-party payors: 6 (typical 0) | Spend vs usual month: 9.8x (typical 1.0x)",BEHAVIOUR_ANOMALY
A-00213,RE000626,RULE,R-CRD-03,Third-party card payments,ACC0010721,CARD,2026-07-28 14:04:17,2026-07-01 08:27:20,"6 payments from 6 third parties totalling $12,036 in 2026-07","Card payments from >= 2 distinct third parties totalling >= $2,000 in a month",6.02,1.5,22.5,22.5,,,CC_3P_PAY
A-00160,ME000534,ML,M-ANOM-CRD,Card behaviour anomaly,ACC0010722,CARD,2026-06-30 21:13:08,2026-06-01 22:15:26,Anomaly score 0.715 - top 0.15% of card account-months in 2026-06,Top 1% (score >= 0.670),1.07,1.0,22.7,22.7,0.7153,"Gambling / crypto share of spend: 90% (typical 0%) | Spend vs usual month: 8.5x (typical 1.0x) | Gambling / crypto spend: $9,366 (typical $0)",BEHAVIOUR_ANOMALY
A-00160,RE000715,RULE,R-CRD-04,High-risk MCC spend,ACC0010722,CARD,2026-06-30 07:50:30,2026-06-03 22:41:13,"$9,366 gambling/crypto spend in 2026-06 (90% of card spend)","Gambling / crypto (MCC 7995, 6051) spend >= $3,000 and >= 30% of card spend in a month",3.12,1.5,22.5,22.5,,,CC_HRMCC
A-00226,ME000535,ML,M-ANOM-CRD,Card behaviour anomaly,ACC0010722,CARD,2026-07-29 21:47:11,2026-07-02 14:04:50,Anomaly score 0.705 - top 0.23% of card account-months in 2026-07,Top 1% (score >= 0.670),1.05,1.0,21.5,21.5,0.7045,"Gambling / crypto share of spend: 90% (typical 0%) | Spend vs usual month: 7.5x (typical 1.0x) | Gambling / crypto spend: $8,190 (typical $0)",BEHAVIOUR_ANOMALY
A-00226,RE000716,RULE,R-CRD-04,High-risk MCC spend,ACC0010722,CARD,2026-07-24 21:34:53,2026-07-06 12:59:38,"$8,190 gambling/crypto spend in 2026-07 (90% of card spend)","Gambling / crypto (MCC 7995, 6051) spend >= $3,000 and >= 30% of card spend in a month",2.73,1.43,21.5,21.5,,,CC_HRMCC
A-00069,ME000536,ML,M-ANOM-CRD,Card behaviour anomaly,ACC0010724,CARD,2026-05-30 20:20:12,2026-05-01 14:18:58,Anomaly score 0.741 - top 0.07% of card account-months in 2026-05,Top 1% (score >= 0.670),1.11,1.0,24.0,24.0,0.7413,"Gambling / crypto share of spend: 96% (typical 0%) | Gambling / crypto spend: $17,472 (typical $0) | Spend vs usual month: 2.7x (typical 1.0x)",BEHAVIOUR_ANOMALY
A-00069,RE000717,RULE,R-CRD-04,High-risk MCC spend,ACC0010724,CARD,2026-05-30 20:20:12,2026-05-04 13:51:43,"$17,472 gambling/crypto spend in 2026-05 (96% of card spend)","Gambling / crypto (MCC 7995, 6051) spend >= $3,000 and >= 30% of card spend in a month",5.82,1.5,22.5,22.5,,,CC_HRMCC
A-00069,RE001021,RULE,R-XP-01,Cash-funded credit paydown (cross-product),ACC0010724,CROSS_PRODUCT,2026-05-29 15:08:24,2026-05-13 09:10:44,"$17,472 cash in over 17 days across 1 account(s); $18,333 paid down on credit (CARD)","Party cash-in >= $10,000 (and >= 2x expected cash) within 21 days, with >= 50% used to pay down cards/loans",1.75,1.19,29.7,29.7,,,XP_CASH_TO_CREDIT
A-00133,ME000537,ML,M-ANOM-CRD,Card behaviour anomaly,ACC0010724,CARD,2026-06-30 13:14:29,2026-06-02 01:25:01,Anomaly score 0.693 - top 0.44% of card account-months in 2026-06,Top 1% (score >= 0.670),1.04,1.0,18.4,18.4,0.6933,"Gambling / crypto share of spend: 97% (typical 0%) | Gambling / crypto spend: $12,055 (typical $0) | Spend vs usual month: 1.8x (typical 1.0x)",BEHAVIOUR_ANOMALY
A-00133,RE000718,RULE,R-CRD-04,High-risk MCC spend,ACC0010724,CARD,2026-06-30 13:14:29,2026-06-02 01:25:01,"$12,055 gambling/crypto spend in 2026-06 (97% of card spend)","Gambling / crypto (MCC 7995, 6051) spend >= $3,000 and >= 30% of card spend in a month",4.02,1.5,22.5,22.5,,,CC_HRMCC
A-00133,RE001022,RULE,R-XP-01,Cash-funded credit paydown (cross-product),ACC0010724,CROSS_PRODUCT,2026-06-24 10:48:44,2026-06-09 15:25:35,"$11,757 cash in over 15 days across 1 account(s); $12,443 paid down on credit (CARD)","Party cash-in >= $10,000 (and >= 2x expected cash) within 21 days, with >= 50% used to pay down cards/loans",1.18,1.04,26.1,26.1,,,XP_CASH_TO_CREDIT
A-00189,ME000538,ML,M-ANOM-CRD,Card behaviour anomaly,ACC0010724,CARD,2026-07-31 05:08:25,2026-07-01 06:16:31,Anomaly score 0.757 - top 0.02% of card account-months in 2026-07,Top 1% (score >= 0.670),1.13,1.0,24.6,24.6,0.7568,Gambling / crypto share of spend: 96% (typical 0%) | Purchases vs credit limit: 0.9x (typical 0.2x) | Spend vs usual month: 3.2x (typical 1.0x),BEHAVIOUR_ANOMALY
A-00189,RE000719,RULE,R-CRD-04,High-risk MCC spend,ACC0010724,CARD,2026-07-31 05:08:25,2026-07-01 06:16:31,"$21,061 gambling/crypto spend in 2026-07 (96% of card spend)","Gambling / crypto (MCC 7995, 6051) spend >= $3,000 and >= 30% of card spend in a month",7.02,1.5,22.5,22.5,,,CC_HRMCC
A-00189,RE001023,RULE,R-XP-01,Cash-funded credit paydown (cross-product),ACC0010724,CROSS_PRODUCT,2026-07-25 11:46:27,2026-07-21 13:51:10,"$21,061 cash in over 4 days across 1 account(s); $21,061 paid down on credit (CARD)","Party cash-in >= $10,000 (and >= 2x expected cash) within 21 days, with >= 50% used to pay down cards/loans",2.0,1.25,31.2,31.2,,,XP_CASH_TO_CREDIT
A-00163,ME000539,ML,M-ANOM-CRD,Card behaviour anomaly,ACC0010726,CARD,2026-06-14 19:57:56,2026-06-07 12:40:07,Anomaly score 0.732 - top 0.09% of card account-months in 2026-06,Top 1% (score >= 0.670),1.09,1.0,23.6,23.6,0.7322,"Spend vs usual month: 7.8x (typical 1.0x) | Cash advances: $1,460 (typical $0) | Purchases vs credit limit: 0.8x (typical 0.2x)",BEHAVIOUR_ANOMALY
A-00163,RE000732,RULE,R-CRD-05,Bust-out pattern,ACC0010726,CARD,2026-06-14 19:57:56,2026-06-07 12:40:07,"$9,402 drawn in 14 days = 94% of $10,000 limit (usual $897/month)","Returned card payment, or 14-day spend >= 85% of limit and >= 3x usual monthly spend",1.11,1.03,20.5,20.5,,,CC_BUSTOUT
A-00181,ME000613,ML,M-ANOM-LN,Loan repayment anomaly,ACC0010727,LOAN,2026-07-20 12:00:00,2026-07-10 14:59:44,Anomaly score 0.768 - top 0.24% of loan account-months in 2026-07,Top 1% (score >= 0.670),1.15,1.0,21.4,21.4,0.7684,Extra / payoff vs loan amount: 80% (typical 0%) | Repaid vs scheduled payment: 35.9x (typical 1.0x),BEHAVIOUR_ANOMALY
A-00181,RE000736,RULE,R-LN-01,Early loan payoff / lump sum,ACC0010727,LOAN,2026-07-20 12:00:00,2026-07-20 12:00:00,"Payoff $26,753 on $33,600 loan, 9 months after origination; funded from: CASH_DEPOSIT","Payoff or extra payment >= $10,000 (or >= 25% of loan amount) within 24 months of origination",3.18,1.5,27.0,27.0,,,LN_EARLY_PAYOFF
A-00181,RE001031,RULE,R-XP-01,Cash-funded credit paydown (cross-product),ACC0010727,CROSS_PRODUCT,2026-07-20 12:00:00,2026-07-01 16:16:38,"$26,825 cash in over 16 days across 1 account(s); $26,753 paid down on credit (DEPOSIT/LOAN)","Party cash-in >= $10,000 (and >= 2x expected cash) within 21 days, with >= 50% used to pay down cards/loans",1.99,1.25,31.2,31.2,,,XP_CASH_TO_CREDIT
A-00266,ME000614,ML,M-ANOM-LN,Loan repayment anomaly,ACC0010728,LOAN,2026-08-20 12:00:00,2026-08-13 10:44:22,Anomaly score 0.824 - top 0.16% of loan account-months in 2026-08,Top 1% (score >= 0.670),1.23,1.0,22.6,22.6,0.8243,Extra / payoff vs loan amount: 79% (typical 0%) | Repaid vs scheduled payment: 37.6x (typical 1.0x) | Payments from third parties: 1 (typical 0),BEHAVIOUR_ANOMALY
A-00266,RE000740,RULE,R-LN-01,Early loan payoff / lump sum,ACC0010728,LOAN,2026-08-20 12:00:00,2026-08-20 12:00:00,"Payoff $21,237 on $26,900 loan, 11 months after origination; funded from: third party","Payoff or extra payment >= $10,000 (or >= 25% of loan amount) within 24 months of origination",3.16,1.5,27.0,27.0,,,LN_EARLY_PAYOFF
A-00295,ME000615,ML,M-ANOM-LN,Loan repayment anomaly,ACC0010729,LOAN,2026-09-09 12:00:00,2026-09-02 17:14:33,Anomaly score 0.764 - top 0.26% of loan account-months in 2026-09,Top 1% (score >= 0.670),1.14,1.0,21.1,21.1,0.7642,Extra / payoff vs loan amount: 68% (typical 0%) | Repaid vs scheduled payment: 29.5x (typical 1.0x),BEHAVIOUR_ANOMALY
A-00295,RE000741,RULE,R-LN-01,Early loan payoff / lump sum,ACC0010729,LOAN,2026-09-09 12:00:00,2026-09-09 12:00:00,"Payoff $13,268 on $19,600 loan, 14 months after origination; funded from: CASH_DEPOSIT","Payoff or extra payment >= $10,000 (or >= 25% of loan amount) within 24 months of origination",2.71,1.43,25.7,25.7,,,LN_EARLY_PAYOFF
A-00295,RE001016,RULE,R-XP-01,Cash-funded credit paydown (cross-product),ACC0010729,CROSS_PRODUCT,2026-09-09 12:00:00,2026-08-27 10:00:00,"$13,268 cash in over 12 days across 1 account(s); $13,268 paid down on credit (DEPOSIT/LOAN)","Party cash-in >= $10,000 (and >= 2x expected cash) within 21 days, with >= 50% used to pay down cards/loans",1.33,1.08,27.0,27.0,,,XP_CASH_TO_CREDIT
A-00242,ME000616,ML,M-ANOM-LN,Loan repayment anomaly,ACC0010730,LOAN,2026-08-24 15:16:58,2026-08-24 15:16:58,Anomaly score 0.704 - top 0.51% of loan account-months in 2026-08,Top 1% (score >= 0.670),1.05,1.0,17.3,17.3,0.7039,Repaid vs scheduled payment: 0.0x (typical 1.0x) | Loan proceeds moved out within 7 days: 100% (typical 0%) | Months since origination: 0 (typical 33),BEHAVIOUR_ANOMALY
A-00242,RE000743,RULE,R-LN-02,Loan proceeds moved out rapidly,ACC0010730,LOAN,2026-08-30 15:58:16,2026-08-24 15:16:58,"$43,700 loan proceeds; $43,628 (100%) moved out within 7 days incl. international",Loan disbursed to own account and >= 70% debited out within 7 days,1.85,1.21,30.3,30.3,,,LN_RAPID_OUT
A-00068,RE001011,RULE,R-XP-01,Cash-funded credit paydown (cross-product),ACC0010735,CROSS_PRODUCT,2026-05-22 17:38:43,2026-05-09 10:11:19,"$25,919 cash in over 8 days across 1 account(s); $25,020 paid down on credit (CARD/DEPOSIT)","Party cash-in >= $10,000 (and >= 2x expected cash) within 21 days, with >= 50% used to pay down cards/loans",1.93,1.23,30.8,30.8,,,XP_CASH_TO_CREDIT
A-00195,RE001012,RULE,R-XP-01,Cash-funded credit paydown (cross-product),ACC0010735,CROSS_PRODUCT,2026-07-07 16:00:13,2026-06-23 14:54:47,"$22,605 cash in over 15 days across 1 account(s); $18,579 paid down on credit (CARD/DEPOSIT)","Party cash-in >= $10,000 (and >= 2x expected cash) within 21 days, with >= 50% used to pay down cards/loans",1.64,1.16,29.0,29.0,,,XP_CASH_TO_CREDIT
A-00127,RE001025,RULE,R-XP-01,Cash-funded credit paydown (cross-product),ACC0010736,CROSS_PRODUCT,2026-06-24 13:23:24,2026-06-10 11:23:32,"$29,990 cash in over 8 days across 1 account(s); $23,601 paid down on credit (CARD/DEPOSIT)","Party cash-in >= $10,000 (and >= 2x expected cash) within 21 days, with >= 50% used to pay down cards/loans",1.57,1.14,28.6,28.6,,,XP_CASH_TO_CREDIT
A-00188,RE001026,RULE,R-XP-01,Cash-funded credit paydown (cross-product),ACC0010736,CROSS_PRODUCT,2026-07-24 11:16:03,2026-07-10 13:18:31,"$23,889 cash in over 9 days across 1 account(s); $21,929 paid down on credit (CARD/DEPOSIT)","Party cash-in >= $10,000 (and >= 2x expected cash) within 21 days, with >= 50% used to pay down cards/loans",1.84,1.21,30.2,30.2,,,XP_CASH_TO_CREDIT
A-00245,RE001027,RULE,R-XP-01,Cash-funded credit paydown (cross-product),ACC0010736,CROSS_PRODUCT,2026-08-24 15:37:02,2026-08-08 09:54:26,"$24,708 cash in over 10 days across 1 account(s); $22,045 paid down on credit (CARD/DEPOSIT)","Party cash-in >= $10,000 (and >= 2x expected cash) within 21 days, with >= 50% used to pay down cards/loans",1.78,1.2,29.9,29.9,,,XP_CASH_TO_CREDIT
A-00136,RE001024,RULE,R-XP-01,Cash-funded credit paydown (cross-product),ACC0010737,CROSS_PRODUCT,2026-06-21 15:15:56,2026-06-14 09:25:58,"$20,295 cash in over 6 days across 1 account(s); $17,141 paid down on credit (CARD/DEPOSIT)","Party cash-in >= $10,000 (and >= 2x expected cash) within 21 days, with >= 50% used to pay down cards/loans",1.69,1.17,29.3,29.3,,,XP_CASH_TO_CREDIT
A-00005,ME000365,ML,M-ANOM-DEP,Deposit behaviour anomaly,ACC0010738,DEPOSIT,2026-04-30 09:02:22,2026-04-01 15:02:32,Anomaly score 0.776 - top 0.09% of deposit account-months in 2026-04,Top 1% (score >= 0.676),1.15,1.0,23.7,23.7,0.7764,"External credits vs declared income: 24.9x (typical 0.8x) | Cash deposits vs expected cash: 495.3x (typical 0.0x) | Outgoing wires: $44,338 (typical $0)",BEHAVIOUR_ANOMALY
A-00005,RE000345,RULE,R-DEP-05,Cash inconsistent with profile,ACC0010738,DEPOSIT,2026-04-29 15:18:27,2026-04-01 15:02:32,"$49,534 cash in 2026-04 vs expected $100/month (495.3x)","Monthly cash deposits >= $10,000 and >= 3x the party's expected monthly cash",4.95,1.5,30.0,30.0,,,CASH_PROFILE
A-00005,RE000492,RULE,R-DEP-06,Funnel / many-to-one,ACC0010738,DEPOSIT,2026-04-30 09:02:22,2026-04-01 15:02:32,"8 inbound credits from 6 sources ($49,226), 94% moved out in 2026-04",">= 6 inbound credits from >= 4 distinct sources in a month totalling >= $8,000, with >= 70% moved out",1.5,1.12,33.8,33.8,,,FUNNEL
A-00067,ME000366,ML,M-ANOM-DEP,Deposit behaviour anomaly,ACC0010738,DEPOSIT,2026-05-31 14:40:34,2026-05-03 11:25:25,Anomaly score 0.816 - top 0.00% of deposit account-months in 2026-05,Top 1% (score >= 0.676),1.21,1.0,24.9,24.9,0.8159,"External credits vs declared income: 25.6x (typical 0.8x) | International wires: $16,362 (typical $0) | Cash deposits vs expected cash: 535.7x (typical 0.0x)",BEHAVIOUR_ANOMALY
A-00067,RE000269,RULE,R-DEP-03,High-risk geography wire,ACC0010738,DEPOSIT,2026-05-22 12:35:22,2026-05-22 12:35:22,"1 wire(s) totalling $16,362 with SY (largest $16,362)","Any wire >= $5,000 with a high-risk country, or >= 3 high-risk-country wires in a month",3.27,1.5,30.0,30.0,,,HR_WIRE
A-00067,RE000346,RULE,R-DEP-05,Cash inconsistent with profile,ACC0010738,DEPOSIT,2026-05-31 14:40:34,2026-05-07 16:14:50,"$53,570 cash in 2026-05 vs expected $100/month (535.7x)","Monthly cash deposits >= $10,000 and >= 3x the party's expected monthly cash",5.36,1.5,30.0,30.0,,,CASH_PROFILE
A-00125,ME000367,ML,M-ANOM-DEP,Deposit behaviour anomaly,ACC0010738,DEPOSIT,2026-06-29 07:23:12,2026-06-01 09:17:34,Anomaly score 0.819 - top 0.00% of deposit account-months in 2026-06,Top 1% (score >= 0.676),1.21,1.0,25.0,25.0,0.8192,"External credits vs declared income: 16.9x (typical 0.8x) | International wires: $48,588 (typical $0) | Cash deposits vs expected cash: 347.6x (typical 0.0x)",BEHAVIOUR_ANOMALY
A-00125,RE000270,RULE,R-DEP-03,High-risk geography wire,ACC0010738,DEPOSIT,2026-06-11 14:09:11,2026-06-11 14:09:11,"1 wire(s) totalling $16,049 with HT (largest $16,049)","Any wire >= $5,000 with a high-risk country, or >= 3 high-risk-country wires in a month",3.21,1.5,30.0,30.0,,,HR_WIRE
A-00125,RE000347,RULE,R-DEP-05,Cash inconsistent with profile,ACC0010738,DEPOSIT,2026-06-23 11:56:37,2026-06-08 13:37:19,"$34,759 cash in 2026-06 vs expected $100/month (347.6x)","Monthly cash deposits >= $10,000 and >= 3x the party's expected monthly cash",3.48,1.5,30.0,30.0,,,CASH_PROFILE
A-00059,ME000368,ML,M-ANOM-DEP,Deposit behaviour anomaly,ACC0010739,DEPOSIT,2026-05-31 10:23:19,2026-05-02 09:19:45,Anomaly score 0.803 - top 0.02% of deposit account-months in 2026-05,Top 1% (score >= 0.676),1.19,1.0,24.7,24.7,0.8031,"Cash deposits vs expected cash: 523.9x (typical 0.0x) | International wires: $16,093 (typical $0) | Outgoing wires: $45,929 (typical $0)",BEHAVIOUR_ANOMALY
A-00059,RE000271,RULE,R-DEP-03,High-risk geography wire,ACC0010739,DEPOSIT,2026-05-31 10:23:19,2026-05-31 10:23:19,"1 wire(s) totalling $16,093 with SS (largest $16,093)","Any wire >= $5,000 with a high-risk country, or >= 3 high-risk-country wires in a month",3.22,1.5,30.0,30.0,,,HR_WIRE
A-00059,RE000348,RULE,R-DEP-05,Cash inconsistent with profile,ACC0010739,DEPOSIT,2026-05-27 15:32:35,2026-05-03 15:58:06,"$52,393 cash in 2026-05 vs expected $100/month (523.9x)","Monthly cash deposits >= $10,000 and >= 3x the party's expected monthly cash",5.24,1.5,30.0,30.0,,,CASH_PROFILE
A-00059,RE000493,RULE,R-DEP-06,Funnel / many-to-one,ACC0010739,DEPOSIT,2026-05-31 10:23:19,2026-05-03 15:58:06,"8 inbound credits from 7 sources ($53,116), 88% moved out in 2026-05",">= 6 inbound credits from >= 4 distinct sources in a month totalling >= $8,000, with >= 70% moved out",1.75,1.19,35.6,35.6,,,FUNNEL
A-00141,ME000369,ML,M-ANOM-DEP,Deposit behaviour anomaly,ACC0010739,DEPOSIT,2026-06-30 08:32:00,2026-06-02 02:32:43,Anomaly score 0.780 - top 0.07% of deposit account-months in 2026-06,Top 1% (score >= 0.676),1.15,1.0,24.0,24.0,0.7803,"Cash deposits vs expected cash: 339.2x (typical 0.0x) | International wires: $30,604 (typical $0) | Outgoing wires: $30,604 (typical $0)",BEHAVIOUR_ANOMALY
A-00141,RE000349,RULE,R-DEP-05,Cash inconsistent with profile,ACC0010739,DEPOSIT,2026-06-20 14:16:39,2026-06-05 15:03:23,"$33,925 cash in 2026-06 vs expected $100/month (339.2x)","Monthly cash deposits >= $10,000 and >= 3x the party's expected monthly cash",3.39,1.5,30.0,30.0,,,CASH_PROFILE
A-00004,ME000370,ML,M-ANOM-DEP,Deposit behaviour anomaly,ACC0010740,DEPOSIT,2026-04-29 20:56:42,2026-04-03 09:58:31,Anomaly score 0.720 - top 0.39% of deposit account-months in 2026-04,Top 1% (score >= 0.676),1.06,1.0,19.1,19.1,0.7202,External credits vs declared income: 17.1x (typical 0.8x) | Largest single credit vs monthly income: 6.9x (typical 0.4x) | Cash deposits vs expected cash: 16.0x (typical 0.0x),BEHAVIOUR_ANOMALY
A-00090,ME000371,ML,M-ANOM-DEP,Deposit behaviour anomaly,ACC0010740,DEPOSIT,2026-05-28 12:26:40,2026-05-01 11:52:02,Anomaly score 0.699 - top 0.65% of deposit account-months in 2026-05,Top 1% (score >= 0.676),1.03,1.0,15.2,15.2,0.6988,External credits vs declared income: 19.3x (typical 0.8x) | Largest single credit vs monthly income: 6.6x (typical 0.4x) | Cash deposits vs expected cash: 22.1x (typical 0.0x),BEHAVIOUR_ANOMALY
A-00120,ME000372,ML,M-ANOM-DEP,Deposit behaviour anomaly,ACC0010740,DEPOSIT,2026-06-30 15:09:32,2026-06-02 14:40:06,Anomaly score 0.711 - top 0.47% of deposit account-months in 2026-06,Top 1% (score >= 0.676),1.05,1.0,17.9,17.9,0.7115,External credits vs declared income: 12.6x (typical 0.8x) | Largest single credit vs monthly income: 6.3x (typical 0.4x) | Cash deposits vs expected cash: 14.7x (typical 0.0x),BEHAVIOUR_ANOMALY
A-00004,ME000373,ML,M-ANOM-DEP,Deposit behaviour anomaly,ACC0010741,DEPOSIT,2026-04-30 23:00:00,2026-04-05 10:49:18,Anomaly score 0.681 - top 0.93% of deposit account-months in 2026-04,Top 1% (score >= 0.676),1.01,1.0,11.1,11.1,0.6805,Largest single credit vs monthly income: 6.5x (typical 0.4x) | External credits vs declared income: 6.5x (typical 0.8x) | Cash deposits vs expected cash: 8.1x (typical 0.0x),BEHAVIOUR_ANOMALY
A-00120,ME000374,ML,M-ANOM-DEP,Deposit behaviour anomaly,ACC0010741,DEPOSIT,2026-06-30 23:00:00,2026-06-02 14:40:06,Anomaly score 0.686 - top 0.84% of deposit account-months in 2026-06,Top 1% (score >= 0.676),1.01,1.0,12.4,12.4,0.6857,Largest single credit vs monthly income: 6.0x (typical 0.4x) | External credits vs declared income: 6.0x (typical 0.8x) | Cash deposits vs expected cash: 7.5x (typical 0.0x),BEHAVIOUR_ANOMALY
A-00004,RE001017,RULE,R-XP-01,Cash-funded credit paydown (cross-product),ACC0010742,CROSS_PRODUCT,2026-04-29 09:39:23,2026-04-07 12:44:04,"$17,973 cash in over 21 days across 4 account(s); $10,937 paid down on credit (CARD/DEPOSIT/LOAN)","Party cash-in >= $10,000 (and >= 2x expected cash) within 21 days, with >= 50% used to pay down cards/loans",1.22,1.05,26.4,26.4,,,XP_CASH_TO_CREDIT
A-00120,RE001018,RULE,R-XP-01,Cash-funded credit paydown (cross-product),ACC0010742,CROSS_PRODUCT,2026-06-26 10:05:43,2026-05-29 14:13:31,"$15,351 cash in over 21 days across 4 account(s); $12,061 paid down on credit (CARD/DEPOSIT/LOAN)","Party cash-in >= $10,000 (and >= 2x expected cash) within 21 days, with >= 50% used to pay down cards/loans",1.54,1.13,28.3,28.3,,,XP_CASH_TO_CREDIT
A-00178,RE001020,RULE,R-XP-01,Cash-funded credit paydown (cross-product),ACC0010744,CROSS_PRODUCT,2026-06-26 10:40:16,2026-06-01 11:33:55,"$16,650 cash in over 20 days across 3 account(s); $8,756 paid down on credit (CARD/DEPOSIT)","Party cash-in >= $10,000 (and >= 2x expected cash) within 21 days, with >= 50% used to pay down cards/loans",1.05,1.01,25.3,25.3,,,XP_CASH_TO_CREDIT
A-00289,RE001010,RULE,R-XP-01,Cash-funded credit paydown (cross-product),ACC0010746,CROSS_PRODUCT,2026-08-07 12:13:41,2026-07-13 10:01:19,"$13,315 cash in over 19 days across 2 account(s); $11,639 paid down on credit (CARD/DEPOSIT)","Party cash-in >= $10,000 (and >= 2x expected cash) within 21 days, with >= 50% used to pay down cards/loans",1.33,1.08,27.1,27.1,,,XP_CASH_TO_CREDIT
